﻿<?xml version="1.0" encoding="utf-8"?>
<eventposdef>
  <event name="StaticHeliCrash">
    <zone smin="1" smax="2" dmin="3" dmax="5" r="45" />
    <pos x="1380" z="908" a="0" />
    <pos x="1445" z="1034" a="0" />
    <pos x="1497" z="1142" a="0" />
    <pos x="1557" z="1258" a="0" />
    <pos x="1603" z="1358" a="0" />
    <pos x="1664" z="1482" a="0" />
    <pos x="1236" z="1201" a="0" />
    <pos x="1307" z="1101" a="0" />
    <pos x="1384" z="987" a="0" />
    <pos x="1474" z="864" a="0" />
    <pos x="1547" z="760" a="0" />
    <pos x="1638" z="626" a="0" />
    <pos x="1731" z="589" a="0" />
    <pos x="1632" z="505" a="0" />
    <pos x="1715" z="431" a="0" />
    <pos x="1720" z="1551" a="0" />
    <pos x="1623" z="1600" a="0" />
    <pos x="1762" z="1642" a="0" />
    <pos x="1866" z="1689" a="0" />
    <pos x="1941" z="1801" a="0" />
    <pos x="1852" z="1546" a="0" />
    <pos x="1785" z="1419" a="0" />
    <pos x="1730" z="1379" a="0" />
    <pos x="1696" z="1271" a="0" />
    <pos x="1661" z="1187" a="0" />
    <pos x="1624" z="966" a="0" />
    <pos x="1603" z="827" a="0" />
    <pos x="1500" z="497" a="0" />
    <pos x="1360" z="488" a="0" />
    <pos x="1202" z="452" a="0" />
    <pos x="1081" z="408" a="0" />
    <pos x="929" z="406" a="0" />
    <pos x="857" z="460" a="0" />
    <pos x="757" z="516" a="0" />
    <pos x="264" z="1235" a="0" />
    <pos x="425" z="1235" a="0" />
    <pos x="601" z="1267" a="0" />
    <pos x="778" z="1322" a="0" />
    <pos x="913" z="1385" a="0" />
    <pos x="1041" z="1462" a="0" />
    <pos x="1202" z="1547" a="0" />
    <pos x="1404" z="1597" a="0" />
    <pos x="1195" z="1065" a="0" />
    <pos x="1169" z="953" a="0" />
    <pos x="1073" z="1010" a="0" />
  </event>
</eventposdef>