﻿<?xml version="1.0" encoding="utf-8"?>
<playerspawnpoints>
  <fresh>
    <!-- runtime parameters used when player is spawning -->
    <spawn_params>
      <!-- used to rate point against infected -->
      <min_dist_infected>30.0</min_dist_infected>
      <max_dist_infected>70.0</max_dist_infected>
      <!-- used to rate point against other players -->
      <min_dist_player>50.0</min_dist_player>
      <max_dist_player>100.0</max_dist_player>
      <!-- used to rate point against buildings -->
      <min_dist_static>0.5</min_dist_static>
      <max_dist_static>2.0</max_dist_static>
    </spawn_params>
    <!--
            Generator parameters

            Spawn points are generated around positions given inside <generator_posbubbles> element.
            Around every position is created a rectangle with given dimensions.
            This rectangle is then sampled for spawn point candidates in form of a grid.
        -->
    <generator_params>
      <grid_density>8</grid_density>
      <!-- total width of grid in metres -->
      <grid_width>40.0</grid_width>
      <!-- total height of grid in metres -->
      <grid_height>40.0</grid_height>
      <!--  minimum distance from buildings for valid spawn point -->
      <min_dist_static>0.5</min_dist_static>
      <!--  maximum distance from buildings used to rate valid spawn point -->
      <max_dist_static>2.0</max_dist_static>
      <!-- terrain slope limits for valid spawn point -->
      <min_steepness>-45</min_steepness>
      <max_steepness>45</max_steepness>
    </generator_params>
    <!-- centers for grids of spawn points -->
    <generator_posbubbles>
      <pos x="617" z="546" />
      <pos x="729" z="514" />
      <pos x="899" z="571" />
      <pos x="943" z="581" />
      <pos x="987" z="575" />
      <pos x="1020" z="616" />
      <pos x="1071" z="604" />
      <pos x="1119" z="607" />
      <pos x="832" z="584" />
      <pos x="757" z="585" />
      <pos x="743" z="653" />
      <pos x="928" z="857" />
      <pos x="937" z="806" />
      <pos x="882" z="910" />
      <pos x="335" z="1120" />
      <pos x="385" z="1075" />
      <pos x="421" z="1148" />
      <pos x="488" z="1169" />
      <pos x="562" z="1184" />
      <pos x="633" z="1197" />
      <pos x="700" z="1212" />
      <pos x="763" z="1228" />
      <pos x="838" z="1253" />
      <pos x="917" z="1287" />
      <pos x="993" z="1327" />
      <pos x="1063" z="1362" />
      <pos x="1129" z="1400" />
      <pos x="1203" z="1443" />
      <pos x="1297" z="1472" />
      <pos x="1383" z="1482" />
      <pos x="1457" z="1484" />
      <pos x="1547" z="1479" />
      <pos x="1201" z="652" />
      <pos x="1248" z="601" />
      <pos x="1313" z="614" />
      <pos x="1375" z="648" />
      <pos x="1441" z="665" />
      <pos x="1206" z="822" />
      <pos x="1153" z="772" />
      <pos x="1149" z="853" />
      <pos x="1221" z="904" />
      <pos x="974" z="1164" />
      <pos x="614" z="900" />
      <pos x="755" z="976" />
      <pos x="787" z="874" />
      <pos x="733" z="1082" />
      <pos x="546" z="1051" />
      <pos x="1228" z="743" />
      <pos x="1316" z="791" />
      <pos x="1418" z="746" />
    </generator_posbubbles>
  </fresh>
  <hop>
    <generator_posbubbles>
      <pos x="617" z="546" />
      <pos x="729" z="514" />
      <pos x="899" z="571" />
      <pos x="943" z="581" />
      <pos x="987" z="575" />
      <pos x="1020" z="616" />
      <pos x="1071" z="604" />
      <pos x="1119" z="607" />
      <pos x="832" z="584" />
      <pos x="757" z="585" />
      <pos x="743" z="653" />
      <pos x="928" z="857" />
      <pos x="937" z="806" />
      <pos x="882" z="910" />
      <pos x="335" z="1120" />
      <pos x="385" z="1075" />
      <pos x="421" z="1148" />
      <pos x="488" z="1169" />
      <pos x="562" z="1184" />
      <pos x="633" z="1197" />
      <pos x="700" z="1212" />
      <pos x="763" z="1228" />
      <pos x="838" z="1253" />
      <pos x="917" z="1287" />
      <pos x="993" z="1327" />
      <pos x="1063" z="1362" />
      <pos x="1129" z="1400" />
      <pos x="1203" z="1443" />
      <pos x="1297" z="1472" />
      <pos x="1383" z="1482" />
      <pos x="1457" z="1484" />
      <pos x="1547" z="1479" />
      <pos x="1201" z="652" />
      <pos x="1248" z="601" />
      <pos x="1313" z="614" />
      <pos x="1375" z="648" />
      <pos x="1441" z="665" />
      <pos x="1206" z="822" />
      <pos x="1153" z="772" />
      <pos x="1149" z="853" />
      <pos x="1221" z="904" />
      <pos x="974" z="1164" />
      <pos x="614" z="900" />
      <pos x="755" z="976" />
      <pos x="787" z="874" />
      <pos x="733" z="1082" />
      <pos x="546" z="1051" />
      <pos x="1228" z="743" />
      <pos x="1316" z="791" />
      <pos x="1418" z="746" />
    </generator_posbubbles>
  </hop>
  <travel>
    <generator_posbubbles>
      <pos x="617" z="546" />
      <pos x="729" z="514" />
      <pos x="899" z="571" />
      <pos x="943" z="581" />
      <pos x="987" z="575" />
      <pos x="1020" z="616" />
      <pos x="1071" z="604" />
      <pos x="1119" z="607" />
      <pos x="832" z="584" />
      <pos x="757" z="585" />
      <pos x="743" z="653" />
      <pos x="928" z="857" />
      <pos x="937" z="806" />
      <pos x="882" z="910" />
      <pos x="335" z="1120" />
      <pos x="385" z="1075" />
      <pos x="421" z="1148" />
      <pos x="488" z="1169" />
      <pos x="562" z="1184" />
      <pos x="633" z="1197" />
      <pos x="700" z="1212" />
      <pos x="763" z="1228" />
      <pos x="838" z="1253" />
      <pos x="917" z="1287" />
      <pos x="993" z="1327" />
      <pos x="1063" z="1362" />
      <pos x="1129" z="1400" />
      <pos x="1203" z="1443" />
      <pos x="1297" z="1472" />
      <pos x="1383" z="1482" />
      <pos x="1457" z="1484" />
      <pos x="1547" z="1479" />
      <pos x="1201" z="652" />
      <pos x="1248" z="601" />
      <pos x="1313" z="614" />
      <pos x="1375" z="648" />
      <pos x="1441" z="665" />
      <pos x="1206" z="822" />
      <pos x="1153" z="772" />
      <pos x="1149" z="853" />
      <pos x="1221" z="904" />
      <pos x="974" z="1164" />
      <pos x="614" z="900" />
      <pos x="755" z="976" />
      <pos x="787" z="874" />
      <pos x="733" z="1082" />
      <pos x="546" z="1051" />
      <pos x="1228" z="743" />
      <pos x="1316" z="791" />
      <pos x="1418" z="746" />
    </generator_posbubbles>
  </travel>
</playerspawnpoints>