﻿<?xml version="1.0" encoding="utf-8"?>
<eventposdef>
  <event name="VehicleCivilianSedan">
    <pos x="6977.063" z="1930.387" a="355.8747" />
	<pos x="10146.64" z="10834.52" a="246.4799" />
	<pos x="3249.063" z="6321.329" a="158.3086" />
	<pos x="6715.047" z="2017.379" a="85.98701" />
	<pos x="6318" z="2197.581" a="137.1664" />
	<pos x="3365.828" z="6539.182" a="316.5558" />
	<pos x="9110.75" z="9482.88" a="342.6577" />
	<pos x="10123.67" z="10900.57" a="158.0439" />
	<pos x="10231.72" z="10932.5" a="246.4799" />
	<pos x="3414.578" z="6469.656" a="147.6086" />
	<pos x="7213.047" z="1594.443" a="280.0724" />
	<pos x="6033.219" z="14900.38" a="179.6326" />
	<pos x="5967.656" z="13991.95" a="180.148" />
	<pos x="8937.453" z="8836.605" a="141.8684" />
	<pos x="8278.813" z="8846.254" a="302.2393" />
	<pos x="6441.844" z="1952.972" a="353.941" />
	<pos x="6045.734" z="14435.41" a="87.32887" />
	<pos x="6910.813" z="2036.453" a="179.7086" />
  </event>
  <event name="VehicleSedan02">
    <pos x="7946.578" z="9185.975" a="177.0619" />
	<pos x="6714.844" z="1930.144" a="77.92589" />
	<pos x="7163.125" z="1386.389" a="18.43491" />
	<pos x="7521.719" z="1555.357" a="185.4414" />
	<pos x="8836.641" z="9772.61" a="10.49619" />
	<pos x="8342.656" z="9117.692" a="131.6157" />
	<pos x="10143.84" z="10841.76" a="70.31298" />
	<pos x="10101.19" z="10890.13" a="155.784" />
	<pos x="6400.844" z="2121.802" a="312.749" />
	<pos x="6155.047" z="1244.02" a="103.8379" />
	<pos x="7215.547" z="1606.959" a="102.2909" />
	<pos x="3625.438" z="6546.292" a="189.4378" />
	<pos x="3357.969" z="6531.853" a="316.2297" />
	<pos x="3568.344" z="6033.158" a="343.9465" />
	<pos x="6205.922" z="14062.2" a="269.23" />
	<pos x="5967.438" z="14148.91" a="178.9891" />
	<pos x="6172.203" z="14815.97" a="357.795" />
	<pos x="10221.44" z="10932.85" a="242.0285" />	
  </event>
  <event name="VehicleHatchback02">
    <pos x="7132.703" z="2254.391" a="7.477113" />
	<pos x="6040.359" z="14724.27" a="356.9674" />
	<pos x="10120.28" z="10875.47" a="154.8888" />
	<pos x="3522.094" z="6663.462" a="50.08035" />
	<pos x="9916.125" z="10985.34" a="71.2226" />
	<pos x="7558.109" z="1598.445" a="67.03607" />
	<pos x="6171.703" z="14737.79" a="356.9674" />
	<pos x="6792.547" z="1576.144" a="340.0792" />
	<pos x="6515.609" z="1496.879" a="188.2167" />
	<pos x="2950.281" z="5814.063" a="202.3974" />
	<pos x="3152.406" z="6338.75" a="344.3334" />
	<pos x="9268.953" z="8661.742" a="116.7297" />
	<pos x="9341.516" z="9601.252" a="344.9781" />
	<pos x="7180.906" z="1450.919" a="236.3022" />
	<pos x="9328.266" z="9136.871" a="211.6115" />
	<pos x="10244.36" z="10881.29" a="67.22624" />
	<pos x="6040.547" z="14693.22" a="1.221573" />
	<pos x="5981.313" z="14955.16" a="270.0783" />  
  </event>
  <event name="StaticHeliCrash">
    <zone smin="1" smax="3" dmin="3" dmax="5" r="45" />
    <pos x="1652" z="14992" a="0" />
    <pos x="1636" z="15888" a="0" />
    <pos x="1172" z="15788" a="0" />
    <pos x="392" z="15512" a="0" />
    <pos x="1028" z="14744" a="0" />
    <pos x="1604" z="15656" a="0" />
    <pos x="13076" z="7848" a="0" />
    <pos x="13700" z="5716" a="0" />
    <pos x="10548" z="10668" a="0" />
    <pos x="6272" z="11196" a="0" />
    <pos x="6236" z="12052" a="0" />
    <pos x="7788" z="11080" a="0" />
    <pos x="7096" z="12564" a="0" />
    <pos x="7084" z="12048" a="0" />
    <pos x="7792" z="12428" a="0" />
    <pos x="8116" z="11764" a="0" />
    <pos x="8964" z="8040" a="0" />
    <pos x="9052" z="7352" a="0" />
    <pos x="9424" z="7236" a="0" />
    <pos x="8296" z="7976" a="0" />
    <pos x="10516" z="6520" a="0" />
    <pos x="11044" z="6284" a="0" />
    <pos x="10136" z="8212" a="0" />
    <pos x="9708" z="8080" a="0" />
    <pos x="12292" z="7900" a="0" />
    <pos x="10188" z="10624" a="0" />
    <pos x="7948" z="9528" a="0" />
    <pos x="3832" z="6812" a="0" />
    <pos x="3864" z="6496" a="0" />
    <pos x="5008" z="6912" a="0" />
    <pos x="4628" z="7508" a="0" />
    <pos x="4224" z="7784" a="0" />
    <pos x="5028" z="8108" a="0" />
    <pos x="5416" z="7960" a="0" />
    <pos x="5660" z="8864" a="0" />
    <pos x="6732" z="8416" a="0" />
    <pos x="6052" z="3496" a="0" />
    <pos x="5952" z="3800" a="0" />
    <pos x="5080" z="3072" a="0" />
    <pos x="4552" z="11712" a="0" />
    <pos x="4744" z="12128" a="0" />
    <pos x="4936" z="11900" a="0" />
    <pos x="4344" z="11948" a="0" />
    <pos x="1884" z="15852" a="0" />
  </event>
  <event name="StaticChristmasTree">
  </event>
  <event name="StaticBonfire">
    <zone smin="3" smax="5" dmin="3" dmax="5" r="55" />
	<pos x="3934.656" z="3258.147" a="0" />
	<pos x="4010.156" z="6838.413" a="0" />
	<pos x="4712.25" z="1998.361" a="0" />
	<pos x="7461.266" z="1996.099" a="0" />
	<pos x="885.5938" z="15271.52" a="0" />
	<pos x="7077.563" z="8532.872" a="0" />
	<pos x="10272.41" z="7908.327" a="0" />
	<pos x="9602.016" z="5259.669" a="0" />
	<pos x="8097.453" z="8007.56" a="0" />
	<pos x="1187.188" z="15277.87" a="0" />
	<pos x="5672.891" z="8886.102" a="0" />
	<pos x="7116" z="4031.369" a="0" />
	<pos x="5044.203" z="7982.435" a="0" />
  </event>
  <event name="Loot" />
  <event name="VehicleOffroadHatchback">
    <pos x="7353.891" z="1940.002" a="142.9673" />
	<pos x="3284.484" z="6329.61" a="343.3632" />
	<pos x="6374.469" z="1391.772" a="46.21286" />
	<pos x="3433.969" z="6601.088" a="231.1388" />
	<pos x="6273.5" z="1132.607" a="159.6585" />
	<pos x="7215.969" z="1786.915" a="22.81804" />
	<pos x="3454.891" z="6057.804" a="303.7861" />
	<pos x="7168.734" z="1517.439" a="225.86" />
	<pos x="9018.438" z="9419.991" a="335.5604" />
	<pos x="10153.42" z="10889.83" a="335.5604" />
	<pos x="9131.813" z="9162.05" a="98.48473" />
	<pos x="10039.31" z="10690.33" a="71.98914" />
	<pos x="6040.359" z="14514.93" a="357.4761" />
	<pos x="8661.641" z="9092.578" a="33.51132" />
	<pos x="5991.813" z="14714.29" a="93.00253" />
	<pos x="10216.38" z="10940.11" a="62.4494" />
	<pos x="6170.297" z="14231.28" a="358.7652" />
  </event>
  <event name="StaticPoliceCar">
    <zone smin="1" smax="3" dmin="3" dmax="5" r="45" />
    <pos x="7005.344" z="1506.802" a="62.26622" />
	<pos x="8764.078" z="4173.975" a="305.9844" />
	<pos x="7211.719" z="1588.866" a="104.8083" />
	<pos x="6670.906" z="1467.593" a="318.7471" />
	<pos x="7525.438" z="3927.089" a="357.6796" />
	<pos x="5551.453" z="1119.959" a="131.4939" />
	<pos x="9770.641" z="4344.933" a="256.6098" />
	<pos x="5154.438" z="9083.963" a="60.84812" />
	<pos x="7103.203" z="8735.41" a="318.1635" />
	<pos x="8327.25" z="8708.028" a="86.24463" />
	<pos x="7995.203" z="8662.095" a="178.2903" />
	<pos x="6151.266" z="14592.94" a="359.675" />
	<pos x="5272.641" z="12447.68" a="3.413001" />
	<pos x="4410.953" z="2848.956" a="228.0516" />
	<pos x="4417.203" z="4433.326" a="346.0772" />
	<pos x="3589.641" z="5392.765" a="118.6703" />
	<pos x="7105.375" z="5452.361" a="107.8414" />
	<pos x="5301" z="9166.229" a="60.84812" />
	<pos x="9029.188" z="7707.882" a="175.5831" />
	<pos x="6186.844" z="14062.68" a="268.5312" />
	<pos x="10167.39" z="11908.07" a="315.0697" />
	<pos x="3255.844" z="6512.207" a="9.865616" />
	<pos x="1087.688" z="15060.84" a="208.1313" />
	<pos x="5939.906" z="14584.26" a="90.56041" />
	<pos x="679.75" z="15017.45" a="223.4723" />
	<pos x="6612.688" z="8624.982" a="244.6816" />
	<pos x="1323.813" z="15572.58" a="328.2806" />
	<pos x="5933.703" z="14857.72" a="95.33029" />
	<pos x="10133.69" z="10882.5" a="154.9566" />
	<pos x="4501.984" z="1895.817" a="169.9107" />
	<pos x="10395.17" z="8000.833" a="141.6783" />
	<pos x="5389.609" z="7553.189" a="114.1583" />
	<pos x="3282.734" z="6278.799" a="66.07278" />
	<pos x="3442.047" z="4829.805" a="167.2715" />
	<pos x="6622.484" z="6393.107" a="247.5859" />
  </event>
  <event name="ItemPlanks">
	<pos x="4385.391" z="12025.85" a="292.4483" />
	<pos x="4467.5" z="12150.15" a="13.02043" />
	<pos x="4405.859" z="12111.28" a="19.59512" />
	<pos x="4764.078" z="8222.88" a="115.5083" />
	<pos x="4418.859" z="12033.81" a="24.10722" />
	<pos x="4756.125" z="11766.11" a="336.6663" />
	<pos x="4854.172" z="12139.54" a="342.7253" />
	<pos x="4724.406" z="8252.327" a="125.177" />
	<pos x="4376.688" z="12029.4" a="292.4483" />
	<pos x="4705.344" z="8240.387" a="31.32647" />
	<pos x="4745.656" z="8271.597" a="33.90479" />
	<pos x="4772.203" z="8249.679" a="25.00963" />
	<pos x="4809.734" z="11897.74" a="5.414398" />
	<pos x="4787.547" z="8359.056" a="50.79274" />
	<pos x="4468.531" z="12088.61" a="285.229" />
	<pos x="4441.422" z="12170.83" a="13.02043" />
	<pos x="4424.469" z="12105.14" a="19.59512" />
	<pos x="4713.891" z="8277.936" a="57.10958" />
	<pos x="3924.141" z="2594.608" a="335.3773" />
	<pos x="9062.5" z="8131.654" a="34.16253" />
	<pos x="8723.547" z="8191.132" a="1.28907" />
	<pos x="10342.17" z="7908.129" a="41.51072" />
	<pos x="4628.734" z="12321.93" a="7.863794" />
	<pos x="10401.27" z="5601.74" a="184.1592" />
	<pos x="1926.531" z="9259.891" a="77.34943" />
	<pos x="10332.25" z="7842.744" a="64.07094" />
	<pos x="6962.25" z="2308.396" a="270.4038" />
	<pos x="8857.641" z="8189.297" a="352.9096" />
	<pos x="9674.156" z="5330.105" a="98.55936" />
	<pos x="9065.469" z="7208.42" a="356.7772" />
	<pos x="8992" z="8181.341" a="18.56375" />
	<pos x="9041.875" z="7156.156" a="270.4038" />
	<pos x="9103.172" z="7166.082" a="268.599" />
	<pos x="6626.156" z="6467.634" a="313.9773" />
	<pos x="6821.516" z="2308.984" a="269.8881" />
	<pos x="10394.44" z="5601.871" a="184.1592" />
	<pos x="9108.375" z="8068.781" a="72.0637" />
	<pos x="6966.547" z="2332.413" a="355.488" />
	<pos x="1927.688" z="9254.345" a="77.34943" />
	<pos x="10282.02" z="4920.184" a="265.2471" />
	<pos x="8968.734" z="4224.006" a="14.43847" />
	<pos x="10279.41" z="4920.043" a="265.2471" />
	<pos x="4946.094" z="2096.859" a="38.67477" />
	<pos x="3768.688" z="2533.872" a="264.7315" />
	<pos x="3356.063" z="6590.501" a="101.3277" />
	<pos x="6921.828" z="2311.732" a="353.9411" />
	<pos x="3365.328" z="6587.716" a="108.4181" />
	<pos x="8255.313" z="9362.56" a="182.1577" />
	<pos x="502.7813" z="15219.43" a="197.8855" />
	<pos x="5486.813" z="8602.825" a="152.8939" />
	<pos x="5466.297" z="8570.349" a="147.7373" />
	<pos x="6589.109" z="6308.869" a="147.7373" />
	<pos x="504.0469" z="15260.4" a="147.3505" />
	<pos x="5855.203" z="14828.86" a="250.2252" />
	<pos x="5827.406" z="14448.02" a="98.03715" />
	<pos x="479.1406" z="15320.24" a="150.8313" />
	<pos x="5765.859" z="14863.7" a="231.0168" />
	<pos x="529.1406" z="15235.16" a="174.6807" />
	<pos x="442.5469" z="15361.18" a="110.7385" />
	<pos x="5814.25" z="14542.57" a="177.7748" />
	<pos x="6567.391" z="6235.621" a="143.8698" />
	<pos x="525.2344" z="15302.11" a="124.9192" />
	<pos x="5925.766" z="14832.98" a="104.4829" />
	<pos x="10152.78" z="12093.74" a="182.1577" />
	<pos x="8327" z="9428.349" a="182.1577" />
	<pos x="521" z="15218.95" a="148.382" />
	<pos x="8243.375" z="9362.552" a="182.1577" />
	<pos x="8317.922" z="9428.416" a="182.1577" />
	<pos x="5858.016" z="14820.29" a="250.2252" />
	<pos x="5818.344" z="14469.51" a="11.79268" />
	<pos x="6587.844" z="6265.957" a="57.49643" />
  </event>
  <event name="VehicleTruck01">
    <pos x="7505.109" z="1566.676" a="51.24036" />
	<pos x="8368.5" z="9264.305" a="185.1158" />
	<pos x="5866.016" z="14787.11" a="129.682" />
	<pos x="5825.672" z="14933.91" a="323.442" />
	<pos x="9902.359" z="10989.82" a="337.6228" />
	<pos x="6531.656" z="1670.761" a="331.123" />
	<pos x="3451.469" z="6074.583" a="339.8822" />
	<pos x="6865.875" z="2248.597" a="0" />
	<pos x="3358.438" z="6606.007" a="107.3186" />
	<pos x="3580.281" z="6221.034" a="88.23911" />
	<pos x="8282.141" z="9352.204" a="338.593" />
	<pos x="10084.88" z="10859.81" a="335.5601" />
	<pos x="5843.844" z="14491.25" a="9.790611" />
	<pos x="8840.672" z="8640.429" a="25.45042" />
	<pos x="7375.672" z="1440.576" a="181.2551" />
	<pos x="6509.141" z="1860.178" a="340.1471" />
	<pos x="9844.422" z="10783.52" a="342.3926" />
  </event>
  <event name="VehicleTransitBus" />
  <event name="InfectedVillage" />
  <event name="InfectedSolitude" />
  <event name="InfectedArmy" />
  <event name="InfectedCity" />
  <event name="InfectedMedic" />
  <event name="InfectedPolice" />
  <event name="InfectedFirefighter" />
  <event name="InfectedPrisoner" />
  <event name="AnimalDeer" />
  <event name="AnimalCow" />
  <event name="AnimalSheep" />
  <event name="AnimalRoeDeer" />
  <event name="AnimalWolf" />
  <event name="AnimalWildBoar" />
</eventposdef>