﻿<?xml version="1.0" encoding="utf-8"?>
<playerspawnpoints>
  <fresh>
    <!-- runtime parameters used when player is spawning -->
    <spawn_params>
      <!-- used to rate point against infected -->
      <min_dist_infected>30.0</min_dist_infected>
      <max_dist_infected>70.0</max_dist_infected>
      <!-- used to rate point against other players -->
      <min_dist_player>25.0</min_dist_player>
      <max_dist_player>70.0</max_dist_player>
      <!-- used to rate point against buildings -->
      <min_dist_static>0.5</min_dist_static>
      <max_dist_static>2.0</max_dist_static>
    </spawn_params>
    <generator_params>
      <grid_density>8</grid_density>
      <!-- total width of grid in metres -->
      <grid_width>40.0</grid_width>
      <!-- total height of grid in metres -->
      <grid_height>40.0</grid_height>
      <!--  minimum distance from buildings for valid spawn point -->
      <min_dist_static>0.5</min_dist_static>
      <!--  maximum distance from buildings used to rate valid spawn point -->
      <max_dist_static>2.0</max_dist_static>
      <!-- terrain slope limits for valid spawn point -->
      <min_steepness>-45</min_steepness>
      <max_steepness>45</max_steepness>
    </generator_params>
    <!-- centers for grids of spawn points -->
    <generator_posbubbles>
      <pos x="10840" z="4628" />
      <pos x="10588" z="4948" />
      <pos x="10644" z="5248" />
      <pos x="10340" z="3988" />
      <pos x="10016" z="3588" />
      <pos x="9552" z="3140" />
      <pos x="9792" z="3244" />
      <pos x="10488" z="5620" />
      <pos x="10112" z="4064" />
      <pos x="10820" z="4428" />
      <pos x="8800" z="2564" />
      <pos x="8628" z="1904" />
      <pos x="8784" z="2140" />
      <pos x="8196" z="2864" />
      <pos x="8224" z="2544" />
      <pos x="10528" z="5412" />
      <pos x="10504" z="5140" />
      <pos x="10512" z="4692" />
      <pos x="10604" z="4372" />
      <pos x="10132" z="3828" />
      <pos x="9952" z="3416" />
      <pos x="8816" z="2296" />
      <pos x="8504" z="2520" />
      <pos x="8728" z="2004" />
      <pos x="8100" z="2720" />
    </generator_posbubbles>
  </fresh>
  <hop>
    <generator_posbubbles>
      <pos x="10840" z="4628" />
      <pos x="10588" z="4948" />
      <pos x="10644" z="5248" />
      <pos x="10340" z="3988" />
      <pos x="10016" z="3588" />
      <pos x="9552" z="3140" />
      <pos x="9792" z="3244" />
      <pos x="10488" z="5620" />
      <pos x="10112" z="4064" />
      <pos x="10820" z="4428" />
      <pos x="8800" z="2564" />
      <pos x="8628" z="1904" />
      <pos x="8784" z="2140" />
      <pos x="8196" z="2864" />
      <pos x="8224" z="2544" />
      <pos x="10528" z="5412" />
      <pos x="10504" z="5140" />
      <pos x="10512" z="4692" />
      <pos x="10604" z="4372" />
      <pos x="10132" z="3828" />
      <pos x="9952" z="3416" />
      <pos x="8816" z="2296" />
      <pos x="8504" z="2520" />
      <pos x="8728" z="2004" />
      <pos x="8100" z="2720" />
    </generator_posbubbles>
  </hop>
  <travel>
    <generator_posbubbles>
      <pos x="10840" z="4628" />
      <pos x="10588" z="4948" />
      <pos x="10644" z="5248" />
      <pos x="10340" z="3988" />
      <pos x="10016" z="3588" />
      <pos x="9552" z="3140" />
      <pos x="9792" z="3244" />
      <pos x="10488" z="5620" />
      <pos x="10112" z="4064" />
      <pos x="10820" z="4428" />
      <pos x="8800" z="2564" />
      <pos x="8628" z="1904" />
      <pos x="8784" z="2140" />
      <pos x="8196" z="2864" />
      <pos x="8224" z="2544" />
      <pos x="10528" z="5412" />
      <pos x="10504" z="5140" />
      <pos x="10512" z="4692" />
      <pos x="10604" z="4372" />
      <pos x="10132" z="3828" />
      <pos x="9952" z="3416" />
      <pos x="8816" z="2296" />
      <pos x="8504" z="2520" />
      <pos x="8728" z="2004" />
      <pos x="8100" z="2720" />
    </generator_posbubbles>
  </travel>
</playerspawnpoints>