<?xml version="1.0" encoding="UTF-8"?>
<territory-type>
    <territory color="4288322202">
        <zone name="HuntingGround" smin="0" smax="0" dmin="0" dmax="0" x="11557.3" z="8117.33" r="250"/>
    </territory>
    <territory color="1946157056">
        <zone name="HuntingGround" smin="0" smax="0" dmin="0" dmax="0" x="8389.33" z="12490.7" r="400"/>
        <zone name="HuntingGround" smin="0" smax="0" dmin="0" dmax="0" x="8981.33" z="11866.7" r="400"/>
        <zone name="HuntingGround" smin="0" smax="0" dmin="0" dmax="0" x="8634.66" z="11093.4" r="400"/>
    </territory>
    <territory color="1946157056">
        <zone name="HuntingGround" smin="0" smax="0" dmin="0" dmax="0" x="7141.34" z="13178.7" r="300"/>
        <zone name="HuntingGround" smin="0" smax="0" dmin="0" dmax="0" x="6517.34" z="12896" r="300"/>
        <zone name="HuntingGround" smin="0" smax="0" dmin="0" dmax="0" x="7781.33" z="12928" r="300"/>
    </territory>
    <territory color="1895825408">
        <zone name="HuntingGround" smin="0" smax="0" dmin="0" dmax="0" x="5829.34" z="11024" r="400"/>
        <zone name="HuntingGround" smin="0" smax="0" dmin="0" dmax="0" x="5856" z="12501.3" r="400"/>
        <zone name="HuntingGround" smin="0" smax="0" dmin="0" dmax="0" x="5354.67" z="11765.4" r="400"/>
    </territory>
    <territory color="2030043136">
        <zone name="HuntingGround" smin="0" smax="0" dmin="0" dmax="0" x="7200" z="10122.6" r="400"/>
        <zone name="HuntingGround" smin="0" smax="0" dmin="0" dmax="0" x="6352" z="10288" r="400"/>
        <zone name="HuntingGround" smin="0" smax="0" dmin="0" dmax="0" x="8010.67" z="10522.7" r="400"/>
        <zone name="HuntingGround" smin="0" smax="0" dmin="0" dmax="0" x="6392" z="9240" r="600"/>
    </territory>
</territory-type>
