<?xml version="1.0" encoding="UTF-8"?>
<territory-type>
    <territory color="1811917312">
        <zone name="Zone_hen" smin="0" smax="0" dmin="0" dmax="0" x="5344" z="7498.67" r="50"/>
        <zone name="Zone_hen" smin="0" smax="0" dmin="0" dmax="0" x="5488" z="7802.67" r="50"/>
        <zone name="Zone_hen" smin="0" smax="0" dmin="0" dmax="0" x="5200" z="7642.67" r="50"/>
        <zone name="Zone_hen" smin="0" smax="0" dmin="0" dmax="0" x="5125.33" z="7514.67" r="50"/>
        <zone name="Zone_hen" smin="0" smax="0" dmin="0" dmax="0" x="4997.33" z="7962.67" r="50"/>
    </territory>
    <territory color="2030021120">
        <zone name="Zone_hen" smin="0" smax="0" dmin="0" dmax="0" x="10349.7" z="7760" r="50"/>
        <zone name="Zone_hen" smin="0" smax="0" dmin="0" dmax="0" x="10470.9" z="7803.43" r="50"/>
        <zone name="Zone_hen" smin="0" smax="0" dmin="0" dmax="0" x="10406.9" z="7915.43" r="50"/>
        <zone name="Zone_hen" smin="0" smax="0" dmin="0" dmax="0" x="10276.6" z="7869.71" r="50"/>
        <zone name="Zone_hen" smin="0" smax="0" dmin="0" dmax="0" x="10068.6" z="7938.29" r="50"/>
    </territory>
    <territory color="2197793280">
        <zone name="Zone_hen" smin="0" smax="0" dmin="0" dmax="0" x="5244" z="12292" r="50"/>
        <zone name="Zone_hen" smin="0" smax="0" dmin="0" dmax="0" x="5316" z="12452" r="50"/>
        <zone name="Zone_hen" smin="0" smax="0" dmin="0" dmax="0" x="5260" z="12608" r="50"/>
    </territory>
    <territory color="1912580608">
        <zone name="Zone_hen" smin="0" smax="0" dmin="0" dmax="0" x="525.091" z="12292.4" r="50"/>
        <zone name="Zone_hen" smin="0" smax="0" dmin="0" dmax="0" x="1542.4" z="12160" r="50"/>
        <zone name="Zone_hen" smin="0" smax="0" dmin="0" dmax="0" x="1148.8" z="11910.4" r="50"/>
    </territory>
    <territory color="1929360648">
        <zone name="Zone_hen" smin="0" smax="0" dmin="0" dmax="0" x="3034.5" z="10599" r="82.5"/>
        <zone name="Zone_hen" smin="0" smax="0" dmin="0" dmax="0" x="1705" z="11267.8" r="75"/>
    </territory>
    <territory color="2080352768">
        <zone name="Zone_hen" smin="0" smax="0" dmin="0" dmax="0" x="8989.71" z="7680" r="50"/>
        <zone name="Zone_hen" smin="0" smax="0" dmin="0" dmax="0" x="8994.29" z="7846.86" r="50"/>
        <zone name="Zone_hen" smin="0" smax="0" dmin="0" dmax="0" x="9136" z="7686.86" r="50"/>
        <zone name="Zone_hen" smin="0" smax="0" dmin="0" dmax="0" x="9122.29" z="7830.86" r="50"/>
    </territory>
    <territory color="2080352768">
        <zone name="Zone_hen" smin="0" smax="0" dmin="0" dmax="0" x="7804" z="1584" r="50"/>
        <zone name="Zone_hen" smin="0" smax="0" dmin="0" dmax="0" x="7276" z="1952" r="50"/>
        <zone name="Zone_hen" smin="0" smax="0" dmin="0" dmax="0" x="7364" z="1580" r="50"/>
        <zone name="Zone_hen" smin="0" smax="0" dmin="0" dmax="0" x="6256" z="2240" r="50"/>
        <zone name="Zone_hen" smin="0" smax="0" dmin="0" dmax="0" x="6152" z="1876" r="50"/>
        <zone name="Zone_hen" smin="0" smax="0" dmin="0" dmax="0" x="6092" z="1348" r="50"/>
        <zone name="Zone_hen" smin="0" smax="0" dmin="0" dmax="0" x="6960" z="1620" r="50"/>
        <zone name="Zone_hen" smin="0" smax="0" dmin="0" dmax="0" x="6660" z="1392" r="50"/>
    </territory>
    <territory color="1962912256">
        <zone name="Zone_hen" smin="0" smax="0" dmin="0" dmax="0" x="4512" z="2528" r="50"/>
        <zone name="Zone_hen" smin="0" smax="0" dmin="0" dmax="0" x="4304" z="2780" r="50"/>
        <zone name="Zone_hen" smin="0" smax="0" dmin="0" dmax="0" x="4228" z="3048" r="50"/>
        <zone name="Zone_hen" smin="0" smax="0" dmin="0" dmax="0" x="4456" z="3160" r="50"/>
        <zone name="Zone_hen" smin="0" smax="0" dmin="0" dmax="0" x="4900" z="2060" r="50"/>
        <zone name="Zone_hen" smin="0" smax="0" dmin="0" dmax="0" x="4720" z="2616" r="50"/>
        <zone name="Zone_hen" smin="0" smax="0" dmin="0" dmax="0" x="3884" z="2608" r="50"/>
    </territory>
    <territory color="2080352768">
        <zone name="Zone_hen" smin="0" smax="0" dmin="0" dmax="0" x="9519.54" z="7704.23" r="50"/>
        <zone name="Zone_hen" smin="0" smax="0" dmin="0" dmax="0" x="9652.57" z="7659.43" r="50"/>
        <zone name="Zone_hen" smin="0" smax="0" dmin="0" dmax="0" x="9593.14" z="7533.71" r="50"/>
        <zone name="Zone_hen" smin="0" smax="0" dmin="0" dmax="0" x="9474.29" z="7584" r="50"/>
    </territory>
    <territory color="2348788224">
        <zone name="Zone_hen" smin="0" smax="0" dmin="0" dmax="0" x="9692" z="4152" r="50"/>
        <zone name="Zone_hen" smin="0" smax="0" dmin="0" dmax="0" x="8692" z="4268" r="50"/>
        <zone name="Zone_hen" smin="0" smax="0" dmin="0" dmax="0" x="8584" z="3928" r="50"/>
        <zone name="Zone_hen" smin="0" smax="0" dmin="0" dmax="0" x="10324" z="3996" r="50"/>
    </territory>
    <territory color="2164238848">
        <zone name="Zone_hen" smin="0" smax="0" dmin="0" dmax="0" x="2520" z="13972" r="75"/>
        <zone name="Zone_hen" smin="0" smax="0" dmin="0" dmax="0" x="3048" z="13484" r="75"/>
        <zone name="Zone_hen" smin="0" smax="0" dmin="0" dmax="0" x="2644" z="14804" r="75"/>
    </territory>
    <territory color="2080352768">
        <zone name="Zone_hen" smin="0" smax="0" dmin="0" dmax="0" x="3242.67" z="6130.67" r="50"/>
        <zone name="Zone_hen" smin="0" smax="0" dmin="0" dmax="0" x="3576" z="6450.67" r="50"/>
        <zone name="Zone_hen" smin="0" smax="0" dmin="0" dmax="0" x="3480" z="6064" r="50"/>
        <zone name="Zone_hen" smin="0" smax="0" dmin="0" dmax="0" x="3120" z="6797.33" r="50"/>
        <zone name="Zone_hen" smin="0" smax="0" dmin="0" dmax="0" x="3213.33" z="6688" r="50"/>
    </territory>
    <territory color="2046798336">
        <zone name="Zone_hen" smin="0" smax="0" dmin="0" dmax="0" x="1922.4" z="9023.2" r="50"/>
        <zone name="Zone_hen" smin="0" smax="0" dmin="0" dmax="0" x="1812" z="9128" r="50"/>
        <zone name="Zone_hen" smin="0" smax="0" dmin="0" dmax="0" x="2050.4" z="9074.4" r="50"/>
        <zone name="Zone_hen" smin="0" smax="0" dmin="0" dmax="0" x="1896" z="8875.2" r="50"/>
    </territory>
    <territory color="2113907200">
        <zone name="Zone_hen" smin="0" smax="0" dmin="0" dmax="0" x="7434.67" z="8426.67" r="50"/>
        <zone name="Zone_hen" smin="0" smax="0" dmin="0" dmax="0" x="7192" z="8640" r="50"/>
        <zone name="Zone_hen" smin="0" smax="0" dmin="0" dmax="0" x="7192" z="8450.67" r="50"/>
        <zone name="Zone_hen" smin="0" smax="0" dmin="0" dmax="0" x="7352" z="8600" r="50"/>
    </territory>
    <territory color="1912580608">
        <zone name="Zone_hen" smin="0" smax="0" dmin="0" dmax="0" x="10176" z="5440" r="50"/>
        <zone name="Zone_hen" smin="0" smax="0" dmin="0" dmax="0" x="10244" z="4896" r="50"/>
        <zone name="Zone_hen" smin="0" smax="0" dmin="0" dmax="0" x="9844" z="4536" r="50"/>
        <zone name="Zone_hen" smin="0" smax="0" dmin="0" dmax="0" x="10380" z="4352" r="50"/>
    </territory>
    <territory color="2147461632">
        <zone name="Zone_hen" smin="0" smax="0" dmin="0" dmax="0" x="10372" z="12040" r="50"/>
        <zone name="Zone_hen" smin="0" smax="0" dmin="0" dmax="0" x="10252" z="11904" r="50"/>
        <zone name="Zone_hen" smin="0" smax="0" dmin="0" dmax="0" x="10136" z="12092" r="50"/>
    </territory>
    <territory color="1912580608">
        <zone name="Zone_hen" smin="0" smax="0" dmin="0" dmax="0" x="9901.71" z="6859.43" r="50"/>
        <zone name="Zone_hen" smin="0" smax="0" dmin="0" dmax="0" x="10018.3" z="6905.14" r="50"/>
        <zone name="Zone_hen" smin="0" smax="0" dmin="0" dmax="0" x="10109.7" z="6811.43" r="50"/>
        <zone name="Zone_hen" smin="0" smax="0" dmin="0" dmax="0" x="9979.43" z="6768" r="50"/>
    </territory>
    <territory color="2231347712">
        <zone name="Zone_hen" smin="0" smax="0" dmin="0" dmax="0" x="8880" z="8696" r="50"/>
        <zone name="Zone_hen" smin="0" smax="0" dmin="0" dmax="0" x="9040" z="8768" r="50"/>
        <zone name="Zone_hen" smin="0" smax="0" dmin="0" dmax="0" x="9540" z="8932" r="50"/>
        <zone name="Zone_hen" smin="0" smax="0" dmin="0" dmax="0" x="9132" z="9212" r="50"/>
        <zone name="Zone_hen" smin="0" smax="0" dmin="0" dmax="0" x="9020" z="9552" r="50"/>
        <zone name="Zone_hen" smin="0" smax="0" dmin="0" dmax="0" x="7964" z="9200" r="50"/>
        <zone name="Zone_hen" smin="0" smax="0" dmin="0" dmax="0" x="8580" z="9444" r="50"/>
        <zone name="Zone_hen" smin="0" smax="0" dmin="0" dmax="0" x="8488" z="9000" r="50"/>
    </territory>
</territory-type>
