<?xml version="1.0" encoding="UTF-8"?>
<territory-type>
    <territory color="2885674482">
        <zone name="Graze" smin="0" smax="0" dmin="0" dmax="0" x="7476.57" z="2685.71" r="70"/>
        <zone name="Graze" smin="0" smax="0" dmin="0" dmax="0" x="7172.57" z="2694.86" r="100"/>
        <zone name="Graze" smin="0" smax="0" dmin="0" dmax="0" x="7332.57" z="2544" r="100"/>
    </territory>
    <territory color="2231347967">
        <zone name="Graze" smin="0" smax="0" dmin="0" dmax="0" x="9413.33" z="8042.67" r="100"/>
        <zone name="Graze" smin="0" smax="0" dmin="0" dmax="0" x="9653.33" z="7984" r="100"/>
        <zone name="Graze" smin="0" smax="0" dmin="0" dmax="0" x="9872" z="7834.67" r="100"/>
        <zone name="Graze" smin="0" smax="0" dmin="0" dmax="0" x="9418.67" z="7818.67" r="100"/>
    </territory>
    <territory color="872381884">
        <zone name="Water" smin="0" smax="0" dmin="0" dmax="0" x="10361.1" z="5230.74" r="80"/>
        <zone name="Graze" smin="0" smax="0" dmin="0" dmax="0" x="10563.1" z="4840.33" r="70"/>
        <zone name="Graze" smin="0" smax="0" dmin="0" dmax="0" x="10831" z="4566.59" r="60"/>
        <zone name="Graze" smin="0" smax="0" dmin="0" dmax="0" x="10461.4" z="5056.71" r="80"/>
        <zone name="Rest" smin="0" smax="0" dmin="0" dmax="0" x="10421.9" z="4518.04" r="60"/>
        <zone name="Rest" smin="0" smax="0" dmin="0" dmax="0" x="10419.8" z="5462.23" r="50"/>
    </territory>
    <territory color="872381884">
        <zone name="Water" smin="0" smax="0" dmin="0" dmax="0" x="8764.32" z="8825.7" r="60"/>
        <zone name="Graze" smin="0" smax="0" dmin="0" dmax="0" x="9193.44" z="9056.78" r="90"/>
        <zone name="Graze" smin="0" smax="0" dmin="0" dmax="0" x="8933.18" z="9905.81" r="70"/>
        <zone name="Graze" smin="0" smax="0" dmin="0" dmax="0" x="8672.27" z="8717.21" r="70"/>
        <zone name="Rest" smin="0" smax="0" dmin="0" dmax="0" x="9729.56" z="9190.51" r="50"/>
        <zone name="Rest" smin="0" smax="0" dmin="0" dmax="0" x="7852.7" z="9184.29" r="80"/>
    </territory>
    <territory color="2147461887">
        <zone name="Graze" smin="0" smax="0" dmin="0" dmax="0" x="7788" z="3800" r="100"/>
        <zone name="Graze" smin="0" smax="0" dmin="0" dmax="0" x="7508" z="3832" r="100"/>
        <zone name="Graze" smin="0" smax="0" dmin="0" dmax="0" x="7452" z="4048" r="100"/>
        <zone name="Graze" smin="0" smax="0" dmin="0" dmax="0" x="7680" z="4016" r="100"/>
    </territory>
    <territory color="872381884">
        <zone name="Water" smin="0" smax="0" dmin="0" dmax="0" x="5269.25" z="7844.87" r="80"/>
        <zone name="Graze" smin="0" smax="0" dmin="0" dmax="0" x="5492.34" z="8099.17" r="100"/>
        <zone name="Graze" smin="0" smax="0" dmin="0" dmax="0" x="5645.34" z="7738.67" r="80"/>
        <zone name="Rest" smin="0" smax="0" dmin="0" dmax="0" x="5041.81" z="7838.67" r="50"/>
        <zone name="Rest" smin="0" smax="0" dmin="0" dmax="0" x="5036.27" z="8115.62" r="90"/>
    </territory>
    <territory color="872381884">
        <zone name="Water" smin="0" smax="0" dmin="0" dmax="0" x="8621.61" z="5430.35" r="70"/>
        <zone name="Graze" smin="0" smax="0" dmin="0" dmax="0" x="8549.82" z="5275.22" r="80"/>
        <zone name="Graze" smin="0" smax="0" dmin="0" dmax="0" x="8455.86" z="5105.4" r="80"/>
        <zone name="Graze" smin="0" smax="0" dmin="0" dmax="0" x="8400.61" z="5391.3" r="80"/>
        <zone name="Rest" smin="0" smax="0" dmin="0" dmax="0" x="8700.53" z="5260.65" r="50"/>
        <zone name="Rest" smin="0" smax="0" dmin="0" dmax="0" x="8376.43" z="5241.15" r="50"/>
    </territory>
    <territory color="872381884">
        <zone name="Water" smin="0" smax="0" dmin="0" dmax="0" x="10279.5" z="11580.2" r="60"/>
        <zone name="Graze" smin="0" smax="0" dmin="0" dmax="0" x="10193.4" z="11751.7" r="80"/>
        <zone name="Graze" smin="0" smax="0" dmin="0" dmax="0" x="9950.3" z="12152.6" r="100"/>
        <zone name="Graze" smin="0" smax="0" dmin="0" dmax="0" x="10306.8" z="12157.6" r="50"/>
        <zone name="Rest" smin="0" smax="0" dmin="0" dmax="0" x="9961.9" z="11612.7" r="80"/>
        <zone name="Rest" smin="0" smax="0" dmin="0" dmax="0" x="10240" z="12027.1" r="50"/>
    </territory>
</territory-type>
