<?xml version="1.0" encoding="UTF-8"?>
<territory-type>
    <territory color="2186673920">
        <zone name="Rest" smin="0" smax="0" dmin="0" dmax="0" x="9172" z="3504" r="200"/>
        <zone name="Graze" smin="0" smax="0" dmin="0" dmax="0" x="9604" z="3388" r="200"/>
        <zone name="Graze" smin="0" smax="0" dmin="0" dmax="0" x="9856" z="3728" r="200"/>
        <zone name="Graze" smin="0" smax="0" dmin="0" dmax="0" x="9456" z="3872" r="200"/>
        <zone name="Graze" smin="0" smax="0" dmin="0" dmax="0" x="9008" z="3920" r="200"/>
    </territory>
    <territory color="856817408">
        <zone name="Water" smin="0" smax="0" dmin="0" dmax="0" x="7172.86" z="5974.17" r="150"/>
        <zone name="Graze" smin="0" smax="0" dmin="0" dmax="0" x="6085.33" z="6303.2" r="250"/>
        <zone name="Graze" smin="0" smax="0" dmin="0" dmax="0" x="6552.67" z="6030.63" r="200"/>
        <zone name="Rest" smin="0" smax="0" dmin="0" dmax="0" x="6739.41" z="5575.71" r="150"/>
        <zone name="Rest" smin="0" smax="0" dmin="0" dmax="0" x="7596.1" z="6050.06" r="200"/>
    </territory>
    <territory color="856817408">
        <zone name="Graze" smin="0" smax="0" dmin="0" dmax="0" x="4075.5" z="6603.67" r="80"/>
        <zone name="Graze" smin="0" smax="0" dmin="0" dmax="0" x="4202.83" z="6935.17" r="200"/>
        <zone name="Rest" smin="0" smax="0" dmin="0" dmax="0" x="3853.17" z="6504.17" r="60"/>
        <zone name="Water" smin="0" smax="0" dmin="0" dmax="0" x="3525.33" z="6802.83" r="70"/>
        <zone name="Rest" smin="0" smax="0" dmin="0" dmax="0" x="3841.67" z="6792.5" r="100"/>
        <zone name="Rest" smin="0" smax="0" dmin="0" dmax="0" x="3907.17" z="7001.67" r="60"/>
    </territory>
    <territory color="4278255360">
        <zone name="Graze" smin="0" smax="0" dmin="0" dmax="0" x="4904" z="5160" r="500"/>
    </territory>
    <territory color="856817408">
        <zone name="Graze" smin="0" smax="0" dmin="0" dmax="0" x="4682.34" z="4068.17" r="200"/>
        <zone name="Graze" smin="0" smax="0" dmin="0" dmax="0" x="4640.5" z="3313.5" r="150"/>
        <zone name="Rest" smin="0" smax="0" dmin="0" dmax="0" x="4910.33" z="3224.17" r="82.5"/>
        <zone name="Graze" smin="0" smax="0" dmin="0" dmax="0" x="4640.34" z="3658.17" r="150"/>
        <zone name="Rest" smin="0" smax="0" dmin="0" dmax="0" x="4961.17" z="3518.67" r="150"/>
        <zone name="Rest" smin="0" smax="0" dmin="0" dmax="0" x="5071.17" z="3915.5" r="200"/>
    </territory>
    <territory color="856817408">
        <zone name="Graze" smin="0" smax="0" dmin="0" dmax="0" x="7206.02" z="9038.39" r="200"/>
        <zone name="Graze" smin="0" smax="0" dmin="0" dmax="0" x="7790.37" z="9892.73" r="200"/>
        <zone name="Graze" smin="0" smax="0" dmin="0" dmax="0" x="8405.23" z="11677.9" r="200"/>
        <zone name="Rest" smin="0" smax="0" dmin="0" dmax="0" x="7212.07" z="9493.23" r="200"/>
        <zone name="Graze" smin="0" smax="0" dmin="0" dmax="0" x="6551.3" z="10969.7" r="200"/>
        <zone name="Water" smin="0" smax="0" dmin="0" dmax="0" x="7560.84" z="9568.53" r="110"/>
        <zone name="Rest" smin="0" smax="0" dmin="0" dmax="0" x="7917.26" z="11091" r="120"/>
        <zone name="Graze" smin="0" smax="0" dmin="0" dmax="0" x="7605.03" z="9224.47" r="200"/>
    </territory>
    <territory color="1985347328">
        <zone name="Rest" smin="0" smax="0" dmin="0" dmax="0" x="11342.7" z="2842.67" r="100"/>
        <zone name="Graze" smin="0" smax="0" dmin="0" dmax="0" x="11132" z="2892" r="100"/>
        <zone name="Rest" smin="0" smax="0" dmin="0" dmax="0" x="11336" z="3164" r="200"/>
        <zone name="Rest" smin="0" smax="0" dmin="0" dmax="0" x="10816" z="2884" r="200"/>
    </territory>
    <territory color="2127560652">
        <zone name="Graze" smin="0" smax="0" dmin="0" dmax="0" x="424" z="11504" r="112.5"/>
        <zone name="Graze" smin="0" smax="0" dmin="0" dmax="0" x="2336" z="10716" r="112.5"/>
        <zone name="Graze" smin="0" smax="0" dmin="0" dmax="0" x="2120" z="12184" r="112.5"/>
        <zone name="Graze" smin="0" smax="0" dmin="0" dmax="0" x="3952" z="13404" r="112.5"/>
        <zone name="Graze" smin="0" smax="0" dmin="0" dmax="0" x="4556" z="14152" r="112.5"/>
        <zone name="Graze" smin="0" smax="0" dmin="0" dmax="0" x="2512" z="15036" r="112.5"/>
        <zone name="Graze" smin="0" smax="0" dmin="0" dmax="0" x="1068" z="13832" r="112.5"/>
        <zone name="Graze" smin="0" smax="0" dmin="0" dmax="0" x="1320" z="14316" r="112.5"/>
        <zone name="Graze" smin="0" smax="0" dmin="0" dmax="0" x="2644" z="12748" r="112.5"/>
    </territory>
    <territory color="856817408">
        <zone name="Graze" smin="0" smax="0" dmin="0" dmax="0" x="5852.17" z="8698" r="70"/>
        <zone name="Graze" smin="0" smax="0" dmin="0" dmax="0" x="5667.33" z="9625" r="150"/>
        <zone name="Graze" smin="0" smax="0" dmin="0" dmax="0" x="5443" z="8526.83" r="150"/>
        <zone name="Water" smin="0" smax="0" dmin="0" dmax="0" x="5673.5" z="9066.33" r="75"/>
        <zone name="Rest" smin="0" smax="0" dmin="0" dmax="0" x="5730.67" z="8884.34" r="60"/>
        <zone name="Graze" smin="0" smax="0" dmin="0" dmax="0" x="5116.5" z="8869.5" r="100"/>
    </territory>
    <territory color="856817408">
        <zone name="Graze" smin="0" smax="0" dmin="0" dmax="0" x="6382.17" z="13331.8" r="112.5"/>
        <zone name="Graze" smin="0" smax="0" dmin="0" dmax="0" x="7286.5" z="13655.7" r="150"/>
        <zone name="Graze" smin="0" smax="0" dmin="0" dmax="0" x="5958.33" z="13147.7" r="200"/>
        <zone name="Rest" smin="0" smax="0" dmin="0" dmax="0" x="6700.17" z="13358.2" r="82.5"/>
        <zone name="Graze" smin="0" smax="0" dmin="0" dmax="0" x="5416.83" z="13162.7" r="200"/>
        <zone name="Rest" smin="0" smax="0" dmin="0" dmax="0" x="7639.17" z="13398.2" r="150"/>
        <zone name="Rest" smin="0" smax="0" dmin="0" dmax="0" x="8082.5" z="13474.2" r="200"/>
    </territory>
    <territory color="2097217407">
        <zone name="Graze" smin="0" smax="0" dmin="0" dmax="0" x="4352" z="11446.7" r="82.5"/>
        <zone name="Graze" smin="0" smax="0" dmin="0" dmax="0" x="4678.67" z="11357.3" r="82.5"/>
        <zone name="Graze" smin="0" smax="0" dmin="0" dmax="0" x="4804" z="11754.7" r="82.5"/>
        <zone name="Graze" smin="0" smax="0" dmin="0" dmax="0" x="4992" z="12204" r="82.5"/>
        <zone name="Graze" smin="0" smax="0" dmin="0" dmax="0" x="4876" z="11982.7" r="82.5"/>
        <zone name="Graze" smin="0" smax="0" dmin="0" dmax="0" x="4656" z="12398.7" r="82.5"/>
        <zone name="Graze" smin="0" smax="0" dmin="0" dmax="0" x="4344" z="11724" r="82.5"/>
    </territory>
    <territory color="2248212351">
        <zone name="Graze" smin="0" smax="0" dmin="0" dmax="0" x="8648" z="7872" r="150"/>
        <zone name="Graze" smin="0" smax="0" dmin="0" dmax="0" x="9204" z="7864" r="100"/>
        <zone name="Graze" smin="0" smax="0" dmin="0" dmax="0" x="8280" z="7964" r="100"/>
        <zone name="Graze" smin="0" smax="0" dmin="0" dmax="0" x="8388" z="7724" r="100"/>
        <zone name="Graze" smin="0" smax="0" dmin="0" dmax="0" x="9156" z="7536" r="100"/>
    </territory>
    <territory color="856817408">
        <zone name="Graze" smin="0" smax="0" dmin="0" dmax="0" x="9755.52" z="12398.5" r="150"/>
        <zone name="Graze" smin="0" smax="0" dmin="0" dmax="0" x="9364.5" z="12527.3" r="200"/>
        <zone name="Graze" smin="0" smax="0" dmin="0" dmax="0" x="10009" z="11913" r="100"/>
        <zone name="Graze" smin="0" smax="0" dmin="0" dmax="0" x="9799.15" z="11041.3" r="90"/>
        <zone name="Graze" smin="0" smax="0" dmin="0" dmax="0" x="9425.07" z="11466.8" r="150"/>
        <zone name="Rest" smin="0" smax="0" dmin="0" dmax="0" x="9785.85" z="12055.3" r="60"/>
        <zone name="Rest" smin="0" smax="0" dmin="0" dmax="0" x="9570.67" z="11843" r="135"/>
    </territory>
    <territory color="856817408">
        <zone name="Graze" smin="0" smax="0" dmin="0" dmax="0" x="4005.02" z="5000.25" r="120"/>
        <zone name="Graze" smin="0" smax="0" dmin="0" dmax="0" x="3757.32" z="5258.15" r="70"/>
        <zone name="Graze" smin="0" smax="0" dmin="0" dmax="0" x="3659.52" z="4972.38" r="130"/>
        <zone name="Graze" smin="0" smax="0" dmin="0" dmax="0" x="4118.62" z="5500.72" r="82.5"/>
        <zone name="Water" smin="0" smax="0" dmin="0" dmax="0" x="4243" z="5680.58" r="80"/>
        <zone name="Rest" smin="0" smax="0" dmin="0" dmax="0" x="3901.85" z="5435.92" r="67.5"/>
        <zone name="Rest" smin="0" smax="0" dmin="0" dmax="0" x="4034.65" z="5271.92" r="90"/>
        <zone name="Graze" smin="0" smax="0" dmin="0" dmax="0" x="4511.43" z="5761.5" r="60"/>
    </territory>
</territory-type>
