<?xml version="1.0" encoding="UTF-8"?>
<territory-type>
    <territory color="4294967228">
        <zone name="Graze" smin="0" smax="0" dmin="0" dmax="0" x="529.333" z="12293.3" r="50"/>
        <zone name="Graze" smin="0" smax="0" dmin="0" dmax="0" x="597.333" z="11528" r="150"/>
    </territory>
    <territory color="872412928">
        <zone name="Graze" smin="0" smax="0" dmin="0" dmax="0" x="11953" z="3813.79" r="100"/>
        <zone name="Graze" smin="0" smax="0" dmin="0" dmax="0" x="11711.2" z="3901.5" r="140"/>
        <zone name="Graze" smin="0" smax="0" dmin="0" dmax="0" x="12165.6" z="3750.79" r="100"/>
    </territory>
</territory-type>
