<?xml version="1.0" encoding="UTF-8"?>
<territory-type>
    <territory color="1946157311">
        <zone name="Graze" smin="0" smax="0" dmin="0" dmax="0" x="5068.75" z="2181.13" r="70"/>
        <zone name="Graze" smin="0" smax="0" dmin="0" dmax="0" x="4781.46" z="2146.05" r="70"/>
        <zone name="Water" smin="0" smax="0" dmin="0" dmax="0" x="4648.75" z="1990.83" r="90"/>
        <zone name="Rest" smin="0" smax="0" dmin="0" dmax="0" x="4959.33" z="1891" r="80"/>
        <zone name="Rest" smin="0" smax="0" dmin="0" dmax="0" x="8360" z="5372" r="100"/>
        <zone name="Rest" smin="0" smax="0" dmin="0" dmax="0" x="8516" z="5076" r="80"/>
    </territory>
    <territory color="2147483903">
        <zone name="Graze" smin="0" smax="0" dmin="0" dmax="0" x="3504" z="7720" r="300"/>
        <zone name="Graze" smin="0" smax="0" dmin="0" dmax="0" x="3968" z="8288" r="300"/>
        <zone name="Graze" smin="0" smax="0" dmin="0" dmax="0" x="2928" z="8128" r="300"/>
    </territory>
    <territory color="1711276287">
        <zone name="Graze" smin="0" smax="0" dmin="0" dmax="0" x="9632.06" z="9685.71" r="150"/>
        <zone name="Rest" smin="0" smax="0" dmin="0" dmax="0" x="9699.89" z="10181.4" r="150"/>
        <zone name="Graze" smin="0" smax="0" dmin="0" dmax="0" x="10106.3" z="9930.8" r="150"/>
    </territory>
    <territory color="2063597823">
        <zone name="Graze" smin="0" smax="0" dmin="0" dmax="0" x="2433.11" z="9047.1" r="200"/>
        <zone name="Graze" smin="0" smax="0" dmin="0" dmax="0" x="2048.75" z="8584" r="200"/>
        <zone name="Rest" smin="0" smax="0" dmin="0" dmax="0" x="1540.3" z="8914.71" r="200"/>
        <zone name="Rest" smin="0" smax="0" dmin="0" dmax="0" x="2032" z="9365.67" r="200"/>
    </territory>
    <territory color="1912602879">
        <zone name="Graze" smin="0" smax="0" dmin="0" dmax="0" x="7056" z="7280" r="300"/>
        <zone name="Graze" smin="0" smax="0" dmin="0" dmax="0" x="6296" z="7232" r="300"/>
        <zone name="Graze" smin="0" smax="0" dmin="0" dmax="0" x="6872" z="6488" r="200"/>
    </territory>
    <territory color="4289353215">
        <zone name="Graze" smin="0" smax="0" dmin="0" dmax="0" x="5912" z="5536" r="500"/>
    </territory>
    <territory color="4283782655">
        <zone name="Graze" smin="0" smax="0" dmin="0" dmax="0" x="923.429" z="15490.9" r="80"/>
        <zone name="Graze" smin="0" smax="0" dmin="0" dmax="0" x="1530" z="14888" r="80"/>
        <zone name="Graze" smin="0" smax="0" dmin="0" dmax="0" x="1144" z="14884" r="80"/>
    </territory>
</territory-type>
