<?xml version="1.0" encoding="UTF-8"?>
<territory-type>
    <territory color="4286216826">
        <zone name="HuntingGround" smin="0" smax="0" dmin="0" dmax="0" x="3797.33" z="9776" r="200"/>
        <zone name="HuntingGround" smin="0" smax="0" dmin="0" dmax="0" x="3328" z="8730.67" r="200"/>
        <zone name="HuntingGround" smin="0" smax="0" dmin="0" dmax="0" x="4485.33" z="9168" r="300"/>
    </territory>
    <territory color="4291611852">
        <zone name="HuntingGround" smin="0" smax="0" dmin="0" dmax="0" x="12866" z="7637" r="202.5"/>
        <zone name="HuntingGround" smin="0" smax="0" dmin="0" dmax="0" x="13248" z="7024" r="202.5"/>
        <zone name="HuntingGround" smin="0" smax="0" dmin="0" dmax="0" x="13288" z="6464" r="202.5"/>
    </territory>
    <territory color="4286874756">
        <zone name="HuntingGround" smin="0" smax="0" dmin="0" dmax="0" x="7205.33" z="12256" r="400"/>
        <zone name="HuntingGround" smin="0" smax="0" dmin="0" dmax="0" x="7232" z="11056" r="400"/>
    </territory>
    <territory color="4287598479">
        <zone name="HuntingGround" smin="0" smax="0" dmin="0" dmax="0" x="7792" z="11674.7" r="400"/>
        <zone name="HuntingGround" smin="0" smax="0" dmin="0" dmax="0" x="6650.67" z="11648" r="400"/>
    </territory>
    <territory color="4278190080">
        <zone name="HuntingGround" smin="0" smax="0" dmin="0" dmax="0" x="2464" z="12384" r="100"/>
        <zone name="HuntingGround" smin="0" smax="0" dmin="0" dmax="0" x="2096" z="10832" r="100"/>
        <zone name="HuntingGround" smin="0" smax="0" dmin="0" dmax="0" x="2746.67" z="13968" r="100"/>
        <zone name="HuntingGround" smin="0" smax="0" dmin="0" dmax="0" x="2789.33" z="13552" r="100"/>
        <zone name="HuntingGround" smin="0" smax="0" dmin="0" dmax="0" x="2746.67" z="14997.3" r="100"/>
        <zone name="HuntingGround" smin="0" smax="0" dmin="0" dmax="0" x="4432" z="14874.7" r="100"/>
        <zone name="HuntingGround" smin="0" smax="0" dmin="0" dmax="0" x="4096" z="13610.7" r="100"/>
        <zone name="HuntingGround" smin="0" smax="0" dmin="0" dmax="0" x="4320" z="14021.3" r="100"/>
        <zone name="HuntingGround" smin="0" smax="0" dmin="0" dmax="0" x="3136" z="14970.7" r="100"/>
        <zone name="HuntingGround" smin="0" smax="0" dmin="0" dmax="0" x="805.333" z="11477.3" r="100"/>
        <zone name="HuntingGround" smin="0" smax="0" dmin="0" dmax="0" x="3664" z="15258.7" r="100"/>
        <zone name="HuntingGround" smin="0" smax="0" dmin="0" dmax="0" x="1424" z="13818.7" r="100"/>
    </territory>
    <territory color="4291611852">
        <zone name="HuntingGround" smin="0" smax="0" dmin="0" dmax="0" x="14551" z="5879.5" r="247.5"/>
        <zone name="HuntingGround" smin="0" smax="0" dmin="0" dmax="0" x="13956.5" z="6178" r="300"/>
        <zone name="HuntingGround" smin="0" smax="0" dmin="0" dmax="0" x="13877" z="6785.5" r="217.5"/>
    </territory>
    <territory color="4291611852">
        <zone name="HuntingGround" smin="0" smax="0" dmin="0" dmax="0" x="13344" z="5504" r="300"/>
        <zone name="HuntingGround" smin="0" smax="0" dmin="0" dmax="0" x="12768" z="5632" r="250"/>
        <zone name="HuntingGround" smin="0" smax="0" dmin="0" dmax="0" x="14048" z="5272" r="202.5"/>
    </territory>
</territory-type>
