<?xml version="1.0" encoding="UTF-8"?>
<territory-type>
    <territory color="1289674462">
        <zone name="InfectedPrisoner" smin="0" smax="0" dmin="5" dmax="10" x="13300.6" z="9805.71" r="80"/>
    </territory>
    <territory color="1102461653">
        <zone name="InfectedIndustrial" smin="0" smax="0" dmin="5" dmax="10" x="8629.5" z="3985" r="100"/>
        <zone name="InfectedIndustrial" smin="0" smax="0" dmin="5" dmax="10" x="10761" z="3157.8" r="100"/>
        <zone name="InfectedIndustrial" smin="0" smax="0" dmin="4" dmax="8" x="6994.91" z="1353.27" r="50"/>
        <zone name="InfectedIndustrial" smin="0" smax="0" dmin="5" dmax="10" x="3415" z="6220" r="140"/>
        <zone name="InfectedIndustrial" smin="0" smax="0" dmin="5" dmax="10" x="12105" z="7847" r="100"/>
        <zone name="InfectedIndustrial" smin="0" smax="0" dmin="5" dmax="10" x="5303" z="3970" r="110"/>
        <zone name="InfectedIndustrial" smin="0" smax="0" dmin="5" dmax="10" x="5814.2" z="15068.7" r="100"/>
        <zone name="InfectedIndustrial" smin="0" smax="0" dmin="5" dmax="10" x="8316.5" z="9352" r="100"/>
        <zone name="InfectedIndustrial" smin="0" smax="0" dmin="5" dmax="10" x="10132.5" z="10796.7" r="150"/>
        <zone name="InfectedIndustrial" smin="0" smax="0" dmin="5" dmax="10" x="4668.5" z="7068" r="150"/>
        <zone name="InfectedIndustrial" smin="0" smax="0" dmin="6" dmax="12" x="6868" z="2331.5" r="160"/>
        <zone name="InfectedIndustrial" smin="0" smax="0" dmin="5" dmax="10" x="5851.9" z="14835.2" r="100"/>
        <zone name="InfectedIndustrial" smin="0" smax="0" dmin="2" dmax="5" x="5844.6" z="14346.4" r="100"/>
        <zone name="InfectedIndustrial" smin="0" smax="0" dmin="2" dmax="5" x="8851.5" z="8676" r="100"/>
        <zone name="InfectedIndustrial" smin="0" smax="0" dmin="2" dmax="5" x="5858.47" z="14591.8" r="100"/>
        <zone name="InfectedIndustrial" smin="0" smax="0" dmin="2" dmax="5" x="8630.5" z="3564.5" r="50"/>
        <zone name="InfectedIndustrial" smin="0" smax="0" dmin="2" dmax="5" x="3887" z="2618" r="100"/>
        <zone name="InfectedIndustrial" smin="0" smax="0" dmin="4" dmax="8" x="7495.5" z="1521.5" r="100"/>
        <zone name="InfectedIndustrial" smin="0" smax="0" dmin="5" dmax="10" x="8312.83" z="8656.67" r="100"/>
        <zone name="InfectedIndustrial" smin="0" smax="0" dmin="5" dmax="10" x="5792.1" z="15320.1" r="100"/>
        <zone name="InfectedIndustrial" smin="0" smax="0" dmin="2" dmax="5" x="9251.17" z="5614.5" r="50"/>
        <zone name="InfectedIndustrial" smin="0" smax="0" dmin="2" dmax="5" x="8699.17" z="3467" r="50"/>
        <zone name="InfectedIndustrial" smin="0" smax="0" dmin="10" dmax="20" x="11517.4" z="9853.6" r="75"/>
        <zone name="InfectedIndustrial" smin="0" smax="0" dmin="10" dmax="20" x="11708" z="9980.7" r="80"/>
        <zone name="InfectedIndustrial" smin="0" smax="0" dmin="20" dmax="30" x="4516" z="12056" r="200"/>
        <zone name="InfectedIndustrial" smin="0" smax="0" dmin="5" dmax="10" x="5300" z="12436" r="75"/>
        <zone name="InfectedIndustrial" smin="0" smax="0" dmin="2" dmax="5" x="519.111" z="15255.1" r="100"/>
    </territory>
    <territory color="1794965508">
        <zone name="InfectedPolice" smin="0" smax="0" dmin="1" dmax="4" x="5288.6" z="9169.33" r="50"/>
        <zone name="InfectedPolice" smin="0" smax="0" dmin="1" dmax="4" x="4429.33" z="4417.67" r="50"/>
        <zone name="InfectedPolice" smin="0" smax="0" dmin="1" dmax="4" x="5538" z="717.5" r="50"/>
        <zone name="InfectedPolice" smin="0" smax="0" dmin="1" dmax="4" x="5530" z="596" r="50"/>
        <zone name="InfectedPolice" smin="0" smax="0" dmin="1" dmax="4" x="5242.73" z="733.1" r="60"/>
        <zone name="InfectedPolice" smin="0" smax="0" dmin="1" dmax="4" x="5421.14" z="684.3" r="50"/>
        <zone name="InfectedPolice" smin="0" smax="0" dmin="1" dmax="4" x="5464.67" z="814" r="50"/>
        <zone name="InfectedPolice" smin="0" smax="0" dmin="3" dmax="6" x="9769.07" z="4349.2" r="50"/>
        <zone name="InfectedPolice" smin="0" smax="0" dmin="1" dmax="4" x="5351" z="790.25" r="50"/>
        <zone name="InfectedPolice" smin="0" smax="0" dmin="1" dmax="4" x="5178.03" z="611.67" r="50"/>
        <zone name="InfectedPolice" smin="0" smax="0" dmin="1" dmax="4" x="5305.57" z="632.396" r="50"/>
    </territory>
    <territory color="1790009876">
        <zone name="InfectedFirefighter" smin="0" smax="0" dmin="1" dmax="4" x="10210" z="4966.83" r="50"/>
        <zone name="InfectedFirefighter" smin="0" smax="0" dmin="1" dmax="4" x="6428" z="1363.3" r="50"/>
        <zone name="InfectedFirefighter" smin="0" smax="0" dmin="1" dmax="4" x="7018.67" z="1960" r="50"/>
        <zone name="InfectedFirefighter" smin="0" smax="0" dmin="1" dmax="4" x="4589.33" z="7056" r="50"/>
    </territory>
    <territory color="1910952871">
        <zone name="InfectedSolitude" smin="0" smax="0" dmin="1" dmax="4" x="10134" z="10632" r="100"/>
        <zone name="InfectedSolitude" smin="0" smax="0" dmin="1" dmax="4" x="10386.2" z="4371.5" r="100"/>
        <zone name="InfectedSolitude" smin="0" smax="0" dmin="1" dmax="4" x="9814.33" z="4478.33" r="100"/>
        <zone name="InfectedSolitude" smin="0" smax="0" dmin="1" dmax="4" x="9494.67" z="3649" r="100"/>
        <zone name="InfectedSolitude" smin="0" smax="0" dmin="1" dmax="4" x="6142" z="13386.3" r="100"/>
        <zone name="InfectedSolitude" smin="0" smax="0" dmin="1" dmax="4" x="9368.67" z="9117.33" r="100"/>
        <zone name="InfectedSolitude" smin="0" smax="0" dmin="1" dmax="4" x="4301" z="4662" r="100"/>
        <zone name="InfectedSolitude" smin="0" smax="0" dmin="1" dmax="4" x="8761.67" z="9169.67" r="100"/>
        <zone name="InfectedSolitude" smin="0" smax="0" dmin="1" dmax="4" x="6300" z="8077" r="100"/>
        <zone name="InfectedSolitude" smin="0" smax="0" dmin="1" dmax="4" x="5445.7" z="7665.81" r="100"/>
        <zone name="InfectedSolitude" smin="0" smax="0" dmin="1" dmax="4" x="6305.71" z="14343" r="100"/>
        <zone name="InfectedSolitude" smin="0" smax="0" dmin="1" dmax="4" x="6620.67" z="6424" r="120"/>
        <zone name="InfectedSolitude" smin="0" smax="0" dmin="1" dmax="4" x="10258.7" z="10857" r="100"/>
        <zone name="InfectedSolitude" smin="0" smax="0" dmin="1" dmax="4" x="6177" z="15025" r="100"/>
        <zone name="InfectedSolitude" smin="0" smax="0" dmin="1" dmax="4" x="9359.33" z="5288" r="80"/>
        <zone name="InfectedSolitude" smin="0" smax="0" dmin="1" dmax="4" x="4681" z="4534" r="80"/>
        <zone name="InfectedSolitude" smin="0" smax="0" dmin="1" dmax="4" x="9681.33" z="4127" r="80"/>
        <zone name="InfectedSolitude" smin="0" smax="0" dmin="1" dmax="4" x="6205.24" z="6909.77" r="120"/>
        <zone name="InfectedSolitude" smin="0" smax="0" dmin="1" dmax="4" x="6174.67" z="13694.3" r="80"/>
        <zone name="InfectedSolitude" smin="0" smax="0" dmin="1" dmax="4" x="6436.5" z="14074.2" r="80"/>
        <zone name="InfectedSolitude" smin="0" smax="0" dmin="1" dmax="4" x="9147.83" z="9491.5" r="80"/>
        <zone name="InfectedSolitude" smin="0" smax="0" dmin="1" dmax="4" x="6230.83" z="9651.83" r="80"/>
        <zone name="InfectedSolitude" smin="0" smax="0" dmin="1" dmax="4" x="9225" z="9795.17" r="90"/>
        <zone name="InfectedSolitude" smin="0" smax="0" dmin="1" dmax="4" x="6049.17" z="14797.5" r="90"/>
        <zone name="InfectedSolitude" smin="0" smax="0" dmin="1" dmax="4" x="9067.17" z="9213.33" r="90"/>
        <zone name="InfectedSolitude" smin="0" smax="0" dmin="1" dmax="4" x="6390.83" z="14823.8" r="60"/>
        <zone name="InfectedSolitude" smin="0" smax="0" dmin="1" dmax="4" x="6055.5" z="14045.7" r="60"/>
        <zone name="InfectedSolitude" smin="0" smax="0" dmin="1" dmax="4" x="8909.67" z="9447.33" r="60"/>
        <zone name="InfectedSolitude" smin="0" smax="0" dmin="1" dmax="4" x="7046.33" z="7157.33" r="80"/>
        <zone name="InfectedSolitude" smin="0" smax="0" dmin="1" dmax="4" x="8423.33" z="4292.33" r="80"/>
        <zone name="InfectedSolitude" smin="0" smax="0" dmin="1" dmax="4" x="5523" z="7257" r="80"/>
        <zone name="InfectedSolitude" smin="0" smax="0" dmin="1" dmax="4" x="7111.67" z="5272.33" r="80"/>
        <zone name="InfectedSolitude" smin="0" smax="0" dmin="1" dmax="4" x="6907.5" z="11415" r="90"/>
        <zone name="InfectedSolitude" smin="0" smax="0" dmin="1" dmax="4" x="3660.42" z="5540.5" r="80"/>
        <zone name="InfectedSolitude" smin="0" smax="0" dmin="1" dmax="4" x="10056.8" z="10807.1" r="80"/>
        <zone name="InfectedSolitude" smin="0" smax="0" dmin="1" dmax="4" x="9758.33" z="5582.25" r="80"/>
        <zone name="InfectedSolitude" smin="0" smax="0" dmin="7" dmax="13" x="6544.17" z="3886.83" r="80"/>
        <zone name="InfectedSolitude" smin="0" smax="0" dmin="7" dmax="13" x="8685.5" z="4219.92" r="100"/>
        <zone name="InfectedSolitude" smin="0" smax="0" dmin="1" dmax="4" x="5156" z="8041" r="60"/>
        <zone name="InfectedSolitude" smin="0" smax="0" dmin="1" dmax="4" x="4665" z="7890" r="60"/>
        <zone name="InfectedSolitude" smin="0" smax="0" dmin="1" dmax="4" x="7219.33" z="4780.33" r="60"/>
        <zone name="InfectedSolitude" smin="0" smax="0" dmin="1" dmax="4" x="5480.33" z="8520" r="60"/>
        <zone name="InfectedSolitude" smin="0" smax="0" dmin="1" dmax="4" x="7413.33" z="8441.33" r="100"/>
        <zone name="InfectedSolitude" smin="0" smax="0" dmin="1" dmax="4" x="6970.67" z="5863.67" r="100"/>
        <zone name="InfectedSolitude" smin="0" smax="0" dmin="1" dmax="4" x="7311.03" z="2565.15" r="80"/>
        <zone name="InfectedSolitude" smin="0" smax="0" dmin="1" dmax="4" x="4950.77" z="2088.55" r="60"/>
        <zone name="InfectedSolitude" smin="0" smax="0" dmin="1" dmax="4" x="4829" z="4411.51" r="60"/>
        <zone name="InfectedSolitude" smin="0" smax="0" dmin="1" dmax="4" x="7249.67" z="8606.67" r="100"/>
        <zone name="InfectedSolitude" smin="0" smax="0" dmin="1" dmax="4" x="6118.67" z="15281.7" r="100"/>
        <zone name="InfectedSolitude" smin="0" smax="0" dmin="1" dmax="4" x="5010.53" z="7063.2" r="110"/>
        <zone name="InfectedSolitude" smin="0" smax="0" dmin="1" dmax="4" x="5893.13" z="9497.17" r="100"/>
        <zone name="InfectedSolitude" smin="0" smax="0" dmin="1" dmax="4" x="4484.29" z="3221.53" r="80"/>
        <zone name="InfectedSolitude" smin="0" smax="0" dmin="1" dmax="4" x="7555.04" z="3897.19" r="80"/>
        <zone name="InfectedSolitude" smin="0" smax="0" dmin="1" dmax="4" x="8545.96" z="5124.19" r="80"/>
        <zone name="InfectedSolitude" smin="0" smax="0" dmin="1" dmax="4" x="10218" z="5452.38" r="80"/>
        <zone name="InfectedSolitude" smin="0" smax="0" dmin="1" dmax="4" x="9032.47" z="5205.37" r="80"/>
        <zone name="InfectedSolitude" smin="0" smax="0" dmin="1" dmax="4" x="4544.62" z="3860" r="80"/>
        <zone name="InfectedSolitude" smin="0" smax="0" dmin="1" dmax="4" x="7447.29" z="3295.07" r="80"/>
        <zone name="InfectedSolitude" smin="0" smax="0" dmin="1" dmax="4" x="5705.04" z="8054.67" r="80"/>
        <zone name="InfectedSolitude" smin="0" smax="0" dmin="1" dmax="4" x="5975" z="8451.47" r="100"/>
        <zone name="InfectedSolitude" smin="0" smax="0" dmin="1" dmax="4" x="5805" z="8308.5" r="60"/>
        <zone name="InfectedSolitude" smin="0" smax="0" dmin="1" dmax="4" x="6201.33" z="13951.5" r="80"/>
        <zone name="InfectedSolitude" smin="0" smax="0" dmin="3" dmax="5" x="10368" z="12008" r="100"/>
        <zone name="InfectedSolitude" smin="0" smax="0" dmin="4" dmax="8" x="3197.33" z="10672" r="80"/>
        <zone name="InfectedSolitude" smin="0" smax="0" dmin="6" dmax="10" x="2720" z="11040" r="100"/>
        <zone name="InfectedSolitude" smin="0" smax="0" dmin="6" dmax="10" x="1656" z="11288" r="100"/>
        <zone name="InfectedSolitude" smin="0" smax="0" dmin="10" dmax="16" x="1546.67" z="12109.3" r="100"/>
        <zone name="InfectedSolitude" smin="0" smax="0" dmin="10" dmax="16" x="1490.67" z="11904" r="100"/>
        <zone name="InfectedSolitude" smin="0" smax="0" dmin="6" dmax="12" x="1864" z="12157.3" r="100"/>
        <zone name="InfectedSolitude" smin="0" smax="0" dmin="4" dmax="6" x="530.667" z="12290.7" r="50"/>
        <zone name="InfectedSolitude" smin="0" smax="0" dmin="4" dmax="8" x="2504" z="13970.7" r="75"/>
        <zone name="InfectedSolitude" smin="0" smax="0" dmin="2" dmax="4" x="2229.33" z="14085.3" r="50"/>
        <zone name="InfectedSolitude" smin="0" smax="0" dmin="8" dmax="12" x="3058.67" z="13480" r="75"/>
        <zone name="InfectedSolitude" smin="0" smax="0" dmin="8" dmax="12" x="3432" z="13632" r="75"/>
        <zone name="InfectedSolitude" smin="0" smax="0" dmin="8" dmax="12" x="3661.33" z="13557.3" r="100"/>
        <zone name="InfectedSolitude" smin="0" smax="0" dmin="8" dmax="12" x="1459.2" z="15705.6" r="100"/>
        <zone name="InfectedSolitude" smin="0" smax="0" dmin="8" dmax="12" x="1257.6" z="15636.8" r="100"/>
        <zone name="InfectedSolitude" smin="0" smax="0" dmin="10" dmax="15" x="9557.33" z="7600" r="250"/>
    </territory>
    <territory color="2809946700">
        <zone name="InfectedVillage" smin="0" smax="0" dmin="7" dmax="13" x="7854.67" z="2636.1" r="130"/>
        <zone name="InfectedVillage" smin="0" smax="0" dmin="7" dmax="13" x="5585.29" z="7811.53" r="80"/>
        <zone name="InfectedVillage" smin="0" smax="0" dmin="7" dmax="13" x="9195.21" z="8885.86" r="120"/>
        <zone name="InfectedVillage" smin="0" smax="0" dmin="7" dmax="13" x="7317.67" z="2302.67" r="100"/>
        <zone name="InfectedVillage" smin="0" smax="0" dmin="7" dmax="13" x="10098.9" z="4467.6" r="170"/>
        <zone name="InfectedVillage" smin="0" smax="0" dmin="7" dmax="13" x="7479.96" z="8687.09" r="120"/>
        <zone name="InfectedVillage" smin="0" smax="0" dmin="7" dmax="13" x="10192.7" z="5174.52" r="120"/>
        <zone name="InfectedVillage" smin="0" smax="0" dmin="7" dmax="13" x="4396.76" z="4217.9" r="100"/>
        <zone name="InfectedVillage" smin="0" smax="0" dmin="7" dmax="13" x="6152.54" z="1269.83" r="160"/>
        <zone name="InfectedVillage" smin="0" smax="0" dmin="7" dmax="13" x="6969.67" z="5444" r="80"/>
        <zone name="InfectedVillage" smin="0" smax="0" dmin="7" dmax="13" x="8412.53" z="2298.53" r="80"/>
        <zone name="InfectedVillage" smin="0" smax="0" dmin="7" dmax="13" x="5944.25" z="7052.75" r="140"/>
        <zone name="InfectedVillage" smin="0" smax="0" dmin="7" dmax="13" x="8997.58" z="10452.6" r="120"/>
        <zone name="InfectedVillage" smin="0" smax="0" dmin="7" dmax="13" x="7581.67" z="2119.33" r="80"/>
        <zone name="InfectedVillage" smin="0" smax="0" dmin="2" dmax="8" x="9965.3" z="12218" r="100"/>
        <zone name="InfectedVillage" smin="0" smax="0" dmin="7" dmax="13" x="6530.34" z="6628" r="80"/>
        <zone name="InfectedVillage" smin="0" smax="0" dmin="7" dmax="13" x="4505" z="2297.5" r="80"/>
        <zone name="InfectedVillage" smin="0" smax="0" dmin="7" dmax="13" x="6143.67" z="1928" r="140"/>
        <zone name="InfectedVillage" smin="0" smax="0" dmin="7" dmax="13" x="3571.67" z="5906.67" r="120"/>
        <zone name="InfectedVillage" smin="0" smax="0" dmin="7" dmax="13" x="9593.33" z="3167.33" r="80"/>
        <zone name="InfectedVillage" smin="0" smax="0" dmin="7" dmax="13" x="4630.92" z="4321.83" r="100"/>
        <zone name="InfectedVillage" smin="0" smax="0" dmin="7" dmax="13" x="4311.76" z="3062.5" r="130"/>
        <zone name="InfectedVillage" smin="0" smax="0" dmin="7" dmax="13" x="10027.3" z="10259.7" r="80"/>
        <zone name="InfectedVillage" smin="0" smax="0" dmin="7" dmax="13" x="6900.33" z="2576" r="80"/>
        <zone name="InfectedVillage" smin="0" smax="0" dmin="5" dmax="10" x="8590.2" z="1900.17" r="120"/>
        <zone name="InfectedVillage" smin="0" smax="0" dmin="5" dmax="10" x="8249" z="1887.67" r="80"/>
        <zone name="InfectedVillage" smin="0" smax="0" dmin="7" dmax="13" x="7113" z="8808.33" r="100"/>
        <zone name="InfectedVillage" smin="0" smax="0" dmin="7" dmax="13" x="4760" z="7415" r="80"/>
        <zone name="InfectedVillage" smin="0" smax="0" dmin="7" dmax="13" x="9073.67" z="3335" r="80"/>
        <zone name="InfectedVillage" smin="0" smax="0" dmin="7" dmax="13" x="7376.57" z="2824.67" r="80"/>
        <zone name="InfectedVillage" smin="0" smax="0" dmin="7" dmax="13" x="6527.18" z="1760.82" r="80"/>
        <zone name="InfectedVillage" smin="0" smax="0" dmin="7" dmax="13" x="5249.5" z="8478.66" r="100"/>
        <zone name="InfectedVillage" smin="0" smax="0" dmin="4" dmax="8" x="4516" z="8471" r="80"/>
        <zone name="InfectedVillage" smin="0" smax="0" dmin="5" dmax="10" x="10150.2" z="12058.8" r="120"/>
        <zone name="InfectedVillage" smin="0" smax="0" dmin="2" dmax="8" x="7351.5" z="9249.83" r="90"/>
        <zone name="InfectedVillage" smin="0" smax="0" dmin="4" dmax="8" x="6233.13" z="2186.42" r="80"/>
        <zone name="InfectedVillage" smin="0" smax="0" dmin="4" dmax="8" x="5287.8" z="7503.83" r="80"/>
        <zone name="InfectedVillage" smin="0" smax="0" dmin="4" dmax="8" x="3474.17" z="6368.17" r="80"/>
        <zone name="InfectedVillage" smin="0" smax="0" dmin="4" dmax="8" x="6426.53" z="2060.75" r="80"/>
        <zone name="InfectedVillage" smin="0" smax="0" dmin="7" dmax="13" x="3911.25" z="2663.75" r="100"/>
        <zone name="InfectedVillage" smin="0" smax="0" dmin="7" dmax="13" x="7814.5" z="1574.58" r="100"/>
        <zone name="InfectedVillage" smin="0" smax="0" dmin="2" dmax="6" x="9032.67" z="4165" r="100"/>
        <zone name="InfectedVillage" smin="0" smax="0" dmin="7" dmax="13" x="3095" z="5222.5" r="90"/>
        <zone name="InfectedVillage" smin="0" smax="0" dmin="1" dmax="5" x="6675" z="2120.5" r="110"/>
        <zone name="InfectedVillage" smin="0" smax="0" dmin="7" dmax="13" x="5496.67" z="8480" r="100"/>
        <zone name="InfectedVillage" smin="0" smax="0" dmin="7" dmax="13" x="5180" z="8406.67" r="100"/>
        <zone name="InfectedVillage" smin="0" smax="0" dmin="7" dmax="13" x="7386" z="9640.67" r="130"/>
        <zone name="InfectedVillage" smin="0" smax="0" dmin="7" dmax="13" x="6175.33" z="9352" r="130"/>
        <zone name="InfectedVillage" smin="0" smax="0" dmin="7" dmax="13" x="8920" z="9725.99" r="130"/>
        <zone name="InfectedVillage" smin="0" smax="0" dmin="7" dmax="13" x="2253.33" z="8096.67" r="130"/>
        <zone name="InfectedVillage" smin="0" smax="0" dmin="7" dmax="13" x="3646.66" z="8256.67" r="130"/>
        <zone name="InfectedVillage" smin="0" smax="0" dmin="7" dmax="13" x="8033" z="8939.67" r="130"/>
        <zone name="InfectedVillage" smin="0" smax="0" dmin="7" dmax="13" x="3836.33" z="6679" r="130"/>
        <zone name="InfectedVillage" smin="0" smax="0" dmin="7" dmax="13" x="7480" z="1828.67" r="130"/>
        <zone name="InfectedVillage" smin="0" smax="0" dmin="7" dmax="13" x="4754.67" z="1447" r="130"/>
        <zone name="InfectedVillage" smin="0" smax="0" dmin="10" dmax="15" x="10378.7" z="7829.33" r="200"/>
        <zone name="InfectedVillage" smin="0" smax="0" dmin="10" dmax="15" x="9989.33" z="6816" r="200"/>
        <zone name="InfectedVillage" smin="0" smax="0" dmin="10" dmax="15" x="9024" z="7760" r="300"/>
    </territory>
    <territory color="2387830984">
        <zone name="InfectedMedic" smin="0" smax="0" dmin="1" dmax="4" x="13159.4" z="9884.6" r="50"/>
        <zone name="InfectedMedic" smin="0" smax="0" dmin="1" dmax="4" x="8298" z="9158.77" r="50"/>
        <zone name="InfectedMedic" smin="0" smax="0" dmin="1" dmax="4" x="9804.74" z="4385.79" r="50"/>
        <zone name="InfectedMedic" smin="0" smax="0" dmin="2" dmax="4" x="9088" z="9359" r="50"/>
        <zone name="InfectedMedic" smin="0" smax="0" dmin="10" dmax="20" x="10997.3" z="10304" r="75"/>
    </territory>
    <territory color="1124502272">
        <zone name="InfectedArmy" smin="0" smax="0" dmin="8" dmax="16" x="3196.24" z="4059.31" r="100"/>
        <zone name="InfectedArmy" smin="0" smax="0" dmin="9" dmax="18" x="6556.34" z="3411.3" r="200"/>
        <zone name="InfectedArmy" smin="0" smax="0" dmin="4" dmax="8" x="8839" z="5793.37" r="75"/>
        <zone name="InfectedArmy" smin="0" smax="0" dmin="8" dmax="16" x="2481.68" z="3354.13" r="100"/>
        <zone name="InfectedArmy" smin="0" smax="0" dmin="8" dmax="16" x="8855.17" z="5985" r="100"/>
        <zone name="InfectedArmy" smin="0" smax="0" dmin="5" dmax="15" x="2845.4" z="3880.21" r="90"/>
        <zone name="InfectedArmy" smin="0" smax="0" dmin="8" dmax="16" x="2969.5" z="4072.66" r="100"/>
        <zone name="InfectedArmy" smin="0" smax="0" dmin="12" dmax="20" x="2860.67" z="3533.67" r="200"/>
        <zone name="InfectedArmy" smin="0" smax="0" dmin="3" dmax="7" x="3321" z="4383.33" r="80"/>
        <zone name="InfectedArmy" smin="0" smax="0" dmin="7" dmax="15" x="4655" z="7111.67" r="200"/>
        <zone name="InfectedArmy" smin="0" smax="0" dmin="3" dmax="7" x="8910.33" z="3771.83" r="80"/>
        <zone name="InfectedArmy" smin="0" smax="0" dmin="3" dmax="7" x="9136" z="5957.67" r="100"/>
        <zone name="InfectedArmyHard" smin="0" smax="0" dmin="9" dmax="18" x="13290.7" z="9863.67" r="200"/>
        <zone name="InfectedArmy" smin="0" smax="0" dmin="3" dmax="7" x="13516.7" z="9640" r="100"/>
        <zone name="InfectedArmy" smin="0" smax="0" dmin="3" dmax="7" x="8634.5" z="5992.67" r="80"/>
        <zone name="InfectedArmy" smin="0" smax="0" dmin="3" dmax="7" x="5290.23" z="9155.36" r="80"/>
        <zone name="InfectedArmy" smin="0" smax="0" dmin="11" dmax="22" x="9027.67" z="5774.03" r="100"/>
        <zone name="InfectedArmy" smin="0" smax="0" dmin="11" dmax="22" x="8737.33" z="3722" r="80"/>
        <zone name="InfectedArmy" smin="0" smax="0" dmin="11" dmax="22" x="4438" z="4438" r="50"/>
        <zone name="InfectedArmy" smin="0" smax="0" dmin="11" dmax="22" x="13651.5" z="9929.33" r="175"/>
        <zone name="InfectedArmy" smin="0" smax="0" dmin="11" dmax="22" x="13016.2" z="9896.67" r="100"/>
        <zone name="InfectedArmy" smin="0" smax="0" dmin="11" dmax="22" x="3445.33" z="4844.67" r="50"/>
        <zone name="InfectedArmy" smin="0" smax="0" dmin="5" dmax="15" x="5532.33" z="3744" r="90"/>
        <zone name="InfectedArmy" smin="0" smax="0" dmin="5" dmax="15" x="5741.67" z="3634.33" r="90"/>
        <zone name="InfectedArmy" smin="0" smax="0" dmin="5" dmax="15" x="5471.67" z="1089.33" r="90"/>
        <zone name="InfectedArmy" smin="0" smax="0" dmin="5" dmax="15" x="3288.67" z="4661.67" r="90"/>
        <zone name="InfectedArmy" smin="0" smax="0" dmin="5" dmax="15" x="5518" z="3488" r="90"/>
        <zone name="InfectedArmy" smin="0" smax="0" dmin="5" dmax="15" x="3138.33" z="4280.33" r="90"/>
        <zone name="InfectedArmy" smin="0" smax="0" dmin="5" dmax="15" x="2592" z="4089.34" r="90"/>
        <zone name="InfectedArmy" smin="0" smax="0" dmin="5" dmax="15" x="5326.67" z="3352.67" r="90"/>
        <zone name="InfectedArmy" smin="0" smax="0" dmin="5" dmax="15" x="3698.66" z="8650.67" r="90"/>
        <zone name="InfectedArmy" smin="0" smax="0" dmin="9" dmax="18" x="3786.66" z="9316.66" r="100"/>
        <zone name="InfectedArmy" smin="0" smax="0" dmin="9" dmax="18" x="3782.67" z="9078.67" r="100"/>
        <zone name="InfectedArmy" smin="0" smax="0" dmin="9" dmax="18" x="3812" z="8852.67" r="100"/>
        <zone name="InfectedArmy" smin="0" smax="0" dmin="5" dmax="15" x="2794.33" z="4296" r="90"/>
        <zone name="InfectedArmy" smin="0" smax="0" dmin="5" dmax="15" x="5657.33" z="3312" r="90"/>
        <zone name="InfectedArmy" smin="0" smax="0" dmin="5" dmax="15" x="5331" z="3621.67" r="90"/>
        <zone name="InfectedArmy" smin="0" smax="0" dmin="5" dmax="15" x="3054.83" z="3809.5" r="90"/>
        <zone name="InfectedArmy" smin="0" smax="0" dmin="9" dmax="18" x="14408" z="5296" r="200"/>
        <zone name="InfectedArmyHard" smin="0" smax="0" dmin="7" dmax="14" x="12493.3" z="7648" r="200"/>
        <zone name="InfectedArmyHard" smin="0" smax="0" dmin="20" dmax="30" x="11349.5" z="9988.8" r="120"/>
        <zone name="InfectedArmyHard" smin="0" smax="0" dmin="10" dmax="20" x="10812.6" z="10589.7" r="50"/>
        <zone name="InfectedArmyHard" smin="0" smax="0" dmin="10" dmax="20" x="10907.2" z="10371.2" r="50"/>
        <zone name="InfectedArmyHard" smin="0" smax="0" dmin="20" dmax="30" x="11568" z="10144" r="120"/>
        <zone name="InfectedArmyHard" smin="0" smax="0" dmin="10" dmax="15" x="1773.2" z="15907.2" r="100"/>
        <zone name="InfectedArmyHard" smin="0" smax="0" dmin="20" dmax="30" x="1496" z="15446" r="250"/>
        <zone name="InfectedArmyHard" smin="0" smax="0" dmin="5" dmax="10" x="7242.67" z="11763" r="100"/>
    </territory>
    <territory color="1136576269">
        <zone name="InfectedCity" smin="0" smax="0" dmin="10" dmax="15" x="8554.42" z="8945.13" r="120"/>
        <zone name="InfectedCity" smin="0" smax="0" dmin="5" dmax="10" x="4426.3" z="2797.43" r="130"/>
        <zone name="InfectedCity" smin="0" smax="0" dmin="10" dmax="15" x="10219.6" z="4887.5" r="140"/>
        <zone name="InfectedCity" smin="0" smax="0" dmin="5" dmax="10" x="6761.03" z="1551.46" r="150"/>
        <zone name="InfectedCity" smin="0" smax="0" dmin="10" dmax="15" x="7847.17" z="1631.92" r="120"/>
        <zone name="InfectedCity" smin="0" smax="0" dmin="5" dmax="10" x="7114.07" z="1562.72" r="180"/>
        <zone name="InfectedCity" smin="0" smax="0" dmin="10" dmax="15" x="3257.43" z="6432.93" r="120"/>
        <zone name="InfectedCity" smin="0" smax="0" dmin="10" dmax="15" x="6084.83" z="14289.1" r="100"/>
        <zone name="InfectedCity" smin="0" smax="0" dmin="10" dmax="15" x="3401.77" z="6153.79" r="130"/>
        <zone name="InfectedCity" smin="0" smax="0" dmin="8" dmax="12" x="7093.23" z="1949.37" r="140"/>
        <zone name="InfectedCity" smin="0" smax="0" dmin="8" dmax="8" x="6070.17" z="14547.1" r="120"/>
        <zone name="InfectedCity" smin="0" smax="0" dmin="5" dmax="10" x="8366.23" z="9185.12" r="130"/>
        <zone name="InfectedCity" smin="0" smax="0" dmin="5" dmax="10" x="6343.3" z="14557.7" r="100"/>
        <zone name="InfectedCity" smin="0" smax="0" dmin="10" dmax="15" x="4669.8" z="2623.05" r="120"/>
        <zone name="InfectedCity" smin="0" smax="0" dmin="10" dmax="15" x="8870.62" z="8884.47" r="120"/>
        <zone name="InfectedCity" smin="0" smax="0" dmin="5" dmax="10" x="6780.83" z="1866.33" r="140"/>
        <zone name="InfectedCity" smin="0" smax="0" dmin="2" dmax="5" x="8308.67" z="8650.83" r="100"/>
        <zone name="InfectedCity" smin="0" smax="0" dmin="2" dmax="5" x="8072.83" z="9230.33" r="100"/>
        <zone name="InfectedCity" smin="0" smax="0" dmin="2" dmax="5" x="8646.83" z="9401.17" r="100"/>
        <zone name="InfectedCity" smin="0" smax="0" dmin="5" dmax="10" x="8306.58" z="8898.33" r="100"/>
        <zone name="InfectedCity" smin="0" smax="0" dmin="10" dmax="15" x="3565.93" z="6570.23" r="120"/>
        <zone name="InfectedCity" smin="0" smax="0" dmin="5" dmax="10" x="11478.7" z="10316" r="75"/>
        <zone name="InfectedCity" smin="0" smax="0" dmin="10" dmax="20" x="720" z="15073.5" r="180"/>
    </territory>
    <territory color="1291845632">
        <zone name="InfectedReligious" smin="0" smax="0" dmin="1" dmax="3" x="4220.33" z="2874.67" r="120"/>
        <zone name="InfectedReligious" smin="0" smax="0" dmin="7" dmax="15" x="9777.67" z="5433.33" r="120"/>
        <zone name="InfectedReligious" smin="0" smax="0" dmin="7" dmax="12" x="3703" z="9664" r="120"/>
        <zone name="InfectedReligious" smin="0" smax="0" dmin="1" dmax="3" x="3546.1" z="6322.63" r="50"/>
        <zone name="InfectedReligious" smin="0" smax="0" dmin="1" dmax="3" x="8734.79" z="9109.92" r="50"/>
        <zone name="InfectedReligious" smin="0" smax="0" dmin="5" dmax="10" x="7281.17" z="5932.8" r="120"/>
        <zone name="InfectedReligious" smin="0" smax="0" dmin="9" dmax="15" x="3842.08" z="9759.5" r="120"/>
        <zone name="InfectedReligious" smin="0" smax="0" dmin="9" dmax="15" x="11329.7" z="10234.3" r="75"/>
    </territory>
</territory-type>
